group,family,period,scenario,return_pct,dd_pct,sharpe,trades_or_episodes,fees,impact,funding,mean_notional_pct,realized_vol_pct,conflict_bars
oi,O_FLUSH,main,availability0,-5.9505857270361275,8.53278066945965,-0.45085085182805473,213,33.98972553714165,10.196917336800007,-0.9039923964157214,2.6541405330465744,,0
oi,O_FLUSH,main,availability1440,-4.14338005839794,5.310025848911404,-0.7057482147261932,57,7.994198313947837,2.3982587978249987,-0.09203897220586822,0.7219237677856252,,0
oi,O_FLUSH,main,availability240,1.1643427319827766,2.621514118671431,0.15579686147026556,78,11.600408471009324,3.480123122549998,0.8907499133880301,0.9423769641047323,,0
oi,O_FLUSH,main,base,-5.533703118447318,9.127120237532205,-0.5165317680423092,160,25.07988832303362,7.52396599185,-0.2860618695860413,1.957246196145724,,0
oi,O_FLUSH,main,cost_x2,-8.552373159522153,10.856951076268928,-0.85534572298929,160,46.48947643901653,13.946840690699997,-0.1873594655041647,1.845966639701993,,0
oi,O_FLUSH,main,execution60,-4.164944576774007,7.739934644190416,-0.36824443191716655,154,25.33796629660664,7.601389702349998,-0.4153347687807341,1.9041525816469753,,0
oi,O_FLUSH,main,oi1,-11.805566359467434,15.196681625435138,-0.9223752263405661,256,39.31505264054609,11.794514293800006,-0.3521486603242422,3.3996460564193662,,0
oi,O_FLUSH,main,oi4,-7.3974103197830345,8.020348607140338,-1.0395195556055017,71,11.047986238075728,3.3143945350499977,-0.2173794247030675,0.7917625210204035,,0
oi,O_FLUSH,main,risk_half,-2.848661938214934,5.295624384726705,-0.645459040205282,110,9.850263486480378,2.955078695249999,-0.09487220041766858,0.7151411062071256,,0
oi,O_FLUSH,main,stop5,-6.0458475966657375,9.340178208365312,-0.5707877875735085,160,24.482102558956118,12.962177987850005,-0.2414804198485721,1.9050891224278526,,0
oi,O_GROW,main,availability0,29.676747334882883,5.036512752076783,1.2665293760574496,160,33.32571105304936,9.997721147475003,-7.978436850647547,4.590068903293851,,0
oi,O_GROW,main,availability1440,11.948660601063034,5.355458892644904,0.8868306623730442,78,13.537996966689498,4.061402227094999,-2.340134895584385,2.3728669946087106,,0
oi,O_GROW,main,availability240,10.957119209474945,4.504790860563579,0.7145598528969708,93,17.50333720722,5.251004236904999,-4.32953316112591,2.5321894398364853,,0
oi,O_GROW,main,base,27.017455992322084,4.236155249945117,1.2514416357430593,131,27.046448891646786,8.1139416996225,-7.204092635512815,3.7523656798951706,,0
oi,O_GROW,main,cost_x2,21.785683548107773,4.144544674777539,1.0880402354758434,131,49.612736981009704,14.883847107495003,-6.682048080421729,3.5117845602512645,,0
oi,O_GROW,main,execution60,28.72068503829471,4.398836259744421,1.253050735641736,127,29.065160184211177,8.719555535197497,-7.44995154764468,3.8076046951611717,,0
oi,O_GROW,main,oi1,35.29956949865077,4.688228148441354,1.4053769833331065,194,42.841269645497086,12.852390305692502,-9.623684412302866,5.9842549001860466,,0
oi,O_GROW,main,oi4,16.478357965710234,3.145817509630555,1.1045397349985446,48,9.558387349539755,2.8675203014925,-4.862982641864629,1.57878272336928,,0
oi,O_GROW,main,risk_half,12.702204418171073,2.0282003010922978,1.33765663268842,98,9.788503424069928,2.936554227450001,-2.4852991667708655,1.4922568059239718,,0
oi,O_GROW,main,stop5,24.73872283766425,4.187412359806797,1.1880280079076535,131,25.941149649965798,18.034862225072494,-6.665880398319383,3.6117275433692217,,0
oi,P_FADE,main,availability0,-39.180829460475834,39.78872582114479,-2.1654141549281922,644,88.78088926923115,26.63426052907499,1.45993869355489,7.705509054949884,,0
oi,P_FADE,main,availability1440,-40.54386374691485,41.147911006559276,-2.299255769900032,640,87.62564436118606,26.287686716324995,1.4538421083709976,7.694489793132962,,0
oi,P_FADE,main,availability240,-40.01127362392522,40.616824875955196,-2.228985268939868,643,88.5433824216542,26.563008282074986,1.4123779644843775,7.710354530148394,,0
oi,P_FADE,main,base,-39.180829460475834,39.78872582114479,-2.1654141549281922,644,88.78088926923115,26.63426052907499,1.45993869355489,7.705509054949884,,0
oi,P_FADE,main,cost_x2,-43.94918900231014,44.498618481290904,-2.6596751718969003,618,156.43965990841562,46.931876587649995,1.4893649729614955,7.038719982796221,,0
oi,P_FADE,main,execution60,-35.230937951043984,36.65253323931178,-1.9111542867627158,636,89.82540006223313,26.947614679274984,1.7700767310791612,7.514660140137937,,0
oi,P_FADE,main,risk_half,-17.998482317434583,18.75368053025256,-1.9824870506860057,434,41.39492320220733,12.418474112100016,0.43133813996365006,2.8038755577094667,,0
oi,P_FADE,main,stop5,-39.83015620961667,40.436218922900345,-2.2719237373268637,635,85.33582171414824,49.11216913057499,1.5332022485650725,7.495386156897675,,0
oi,P_MOM,main,availability0,20.08041205732161,8.409305067174477,0.6529743703294338,425,91.39331102623883,27.418000611119947,-4.973384289420446,11.787494836640434,,24
oi,P_MOM,main,availability1440,21.242514082392564,8.072462472612763,0.6873897068007481,423,91.87934044599335,27.563809710719948,-4.883798519355365,11.795981461334126,,24
oi,P_MOM,main,availability240,20.032014104984682,8.147532188024575,0.651477098415734,426,91.4029929266337,27.420905170394953,-4.962845853119198,11.778186883509884,,24
oi,P_MOM,main,base,20.08041205732161,8.409305067174477,0.6529743703294338,425,91.39331102623883,27.418000611119947,-4.973384289420446,11.787494836640434,,24
oi,P_MOM,main,cost_x2,6.601166426263876,10.574897315069709,0.263609879610413,423,159.51990716102324,47.85599717953493,-4.737187246807605,10.934883564027194,,24
oi,P_MOM,main,execution60,22.302888120418743,7.1390337604126275,0.707801673649798,422,97.48106691296707,29.24432802824245,-3.772496604601805,12.03192081247427,,24
oi,P_MOM,main,risk_half,5.915263038136618,4.306957064027605,0.4398104274650892,354,35.004725977297035,10.501420192199996,-1.963930049142307,4.861416469130657,,24
oi,P_MOM,main,stop5,17.459982347038363,8.17735995162744,0.5868647790002601,425,87.3720654497087,63.58161619422011,-5.441491385685163,11.484613465558198,,24
oi,O_FLUSH,recent,availability0,1.1323756206549547,2.5015514181861764,0.6942861925154368,20,3.3888596390036256,1.01665824525,0.015989090803858595,1.7893625418652284,,0
oi,O_FLUSH,recent,availability1440,-0.7259785429058411,1.3047279057786576,-0.7944903229518646,10,1.5095340273721252,0.45286009124999993,-0.09909631043641955,0.7609256709084097,,0
oi,O_FLUSH,recent,availability240,-0.36214565260529524,0.8853524341973951,-0.5374703246237938,3,0.5810309258365001,0.174309213,0.011703612783609539,0.1595705733599061,,0
oi,O_FLUSH,recent,base,-1.560984306415071,3.48099896761368,-1.1215303655792945,17,2.43767462900525,0.7313021114999998,-0.12079632364506618,1.125723325072269,,0
oi,O_FLUSH,recent,cost_x2,-1.8778821652666124,3.610473186844221,-1.3448322480698605,17,4.875351106021001,1.4626042229999996,-0.12079632364506618,1.127467467576137,,0
oi,O_FLUSH,recent,execution60,-1.8093417335212165,3.5193949869745,-1.2579586198924202,17,2.56073611304875,0.7682205044999998,-0.12381071766306617,1.1517340182852838,,0
oi,O_FLUSH,recent,oi1,-1.0468241645455691,4.251789745078948,-0.5215083658497212,36,6.022511890079251,1.8067535055,0.09541375012449785,3.115163296312787,,0
oi,O_FLUSH,recent,oi4,0.019197636408296147,0.5746562738610628,0.04535935954946188,3,0.47282289338675004,0.1418468865,-0.014863856030288005,0.231355658002767,,0
oi,O_FLUSH,recent,risk_half,-0.13297261803218136,1.0663598956072606,-0.22310073281380263,12,0.8915680266338751,0.26747040525000004,-0.04890274843733478,0.4188594726585293,,0
oi,O_FLUSH,recent,stop5,-1.6313135096445421,3.531342698542872,-1.162011254572649,17,2.4374965513002507,1.4347722215000003,-0.12079632364506618,1.1261653016152693,,0
oi,O_GROW,recent,availability0,0.06953260687898818,4.228811441577429,0.04544738380306027,21,3.5568840746859753,1.0670653395,0.11508848297630918,3.2661455088927283,,0
oi,O_GROW,recent,availability1440,0.6735817876945589,1.5274806910770322,0.42453357304546824,14,2.149990553369438,0.644997379275,0.052398309589915815,2.470121977554085,,0
oi,O_GROW,recent,availability240,-1.3207688705191458,2.7434062503258416,-1.0165592889152493,6,0.8380624880160374,0.251418475125,-0.0613272420508707,0.5096739693258505,,0
oi,O_GROW,recent,base,2.561542831218321,2.737871771876932,0.9030458572596879,17,2.579386626182538,0.773816639925,-0.0122679217095127,2.79742219816808,,0
oi,O_GROW,recent,cost_x2,2.3953492214299787,2.8554984448066256,0.8458406609280905,17,5.036704135717152,1.51101398685,-0.011399163133512705,2.7868668600340105,,0
oi,O_GROW,recent,execution60,4.4953645443991945,2.7845943996971823,1.2026758978253609,17,2.888471089258625,0.8665424249999999,-0.10122604174907086,3.147050105218263,,0
oi,O_GROW,recent,oi1,-2.011640930326007,5.929222518910116,-0.5813042305598952,37,6.273573922213527,1.8820719016499998,0.2620835206035075,5.737086141120795,,0
oi,O_GROW,recent,oi4,2.478695117161192,2.2479188169236664,1.0095474455382154,7,1.016253433687275,0.30487662179999997,-0.18942177290097373,1.1171808593452939,,0
oi,O_GROW,recent,risk_half,1.28154406611186,0.9486163951924365,1.0527242481269097,13,0.9816294200022875,0.29448914347499994,-0.018410275403973702,1.1007640221047266,,0
oi,O_GROW,recent,stop5,2.440036885143331,2.7807974604284524,0.8587443032628995,17,2.5795180371826625,1.9887446896749998,-0.0122679217095127,2.799004581368455,,0
oi,P_FADE,recent,availability0,-1.8610976774280856,6.353602983539897,-0.4592406486946736,111,20.828771895866623,6.248631768750002,-0.42201810966290704,9.765729216337,,0
oi,P_FADE,recent,availability1440,-1.8610976774280856,6.353602983539897,-0.4592406486946736,111,20.828771895866623,6.248631768750002,-0.42201810966290704,9.765729216337,,0
oi,P_FADE,recent,availability240,-1.8610976774280856,6.353602983539897,-0.4592406486946736,111,20.828771895866623,6.248631768750002,-0.42201810966290704,9.765729216337,,0
oi,P_FADE,recent,base,-1.8610976774280856,6.353602983539897,-0.4592406486946736,111,20.828771895866623,6.248631768750002,-0.42201810966290704,9.765729216337,,0
oi,P_FADE,recent,cost_x2,-4.920506258247428,6.634352993489189,-1.3620039031841336,111,38.05672182525701,11.417016612000003,-0.44713414521852596,9.184917243402122,,0
oi,P_FADE,recent,execution60,-1.6251316141422876,5.875283003568709,-0.4040599916968993,108,21.038061154411377,6.311418606750005,-0.47635138026042967,9.90410373959006,,0
oi,P_FADE,recent,risk_half,-0.13769143258231226,2.2259515554917564,-0.0778704600514976,96,8.594552296407633,2.57836591425,-0.21856111516418206,3.989796108256907,,0
oi,P_FADE,recent,stop5,-2.032501640291707,6.330072842003043,-0.5172878213190926,111,20.19868722179262,10.697276175749991,-0.42771800537301136,9.505954910445341,,0
oi,P_MOM,recent,availability0,3.332839411363011,7.228517749533314,0.6457304680766635,72,13.5403916002791,4.062118614750001,0.50129232866032,12.082285881683871,,0
oi,P_MOM,recent,availability1440,3.332839411363011,7.228517749533314,0.6457304680766635,72,13.5403916002791,4.062118614750001,0.50129232866032,12.082285881683871,,0
oi,P_MOM,recent,availability240,3.332839411363011,7.228517749533314,0.6457304680766635,72,13.5403916002791,4.062118614750001,0.50129232866032,12.082285881683871,,0
oi,P_MOM,recent,base,3.332839411363011,7.228517749533314,0.6457304680766635,72,13.5403916002791,4.062118614750001,0.50129232866032,12.082285881683871,,0
oi,P_MOM,recent,cost_x2,-0.6208777651656874,8.513507556160238,-0.09352163647001667,72,24.781738380687404,7.4345238147,0.44644254373018516,11.06988818253885,,0
oi,P_MOM,recent,execution60,3.335562726806734,8.634332999563288,0.6091029692144562,72,15.1755833455196,4.55267619555,0.110814809137699,12.405533991332424,,0
oi,P_MOM,recent,risk_half,2.4820613763148685,2.9619148049968125,1.011916179109953,66,5.818725924861303,1.7456185021500001,0.17644219015945284,5.339168608153162,,0
oi,P_MOM,recent,stop5,3.170390507787488,7.277820556065895,0.6179116593744668,72,13.129179177807952,9.568632881549993,0.4852031372341619,11.690733247337578,,0
persistence,B_MIX,main,base,37.63287314732919,27.997464413389384,0.476980814601549,47,63.17764230967566,12.595637864909996,33.489455647882785,42.56963885576546,21.61218411972098,
persistence,B_MIX,main,cost_x2,31.59421928159678,29.09972386648141,0.4254777991910944,47,123.70880187935529,24.605674196399995,33.00590109172479,42.61793075590711,21.57283941598446,
persistence,B_MIX,main,delay1,41.27037180630195,27.527299693267604,0.5065646798520754,47,64.21250646605154,12.793294529099995,34.19234445817672,42.632719042763185,21.654153521300547,
persistence,B_MIX,main,delay24,10.030845629639717,34.428895040945626,0.21837025121080916,47,56.35444284942838,11.247492467940006,30.184779013768804,42.30541144195068,21.612425464893086,
persistence,B_MIX,main,risk10,16.993276708168036,15.403522485739963,0.4172395561892356,47,27.823690183986923,5.538916224630001,14.916729690294517,21.165796847314606,10.790668326504822,
persistence,E_MIX,main,base,31.484206948890915,21.659686808042267,0.483748801726344,47,59.50778808475358,11.564700824459988,21.61679879813051,31.897285722774583,17.177293513324333,
persistence,E_MIX,main,cost_x2,25.48268168635368,21.67510068994153,0.4158618457884214,47,114.43038908589642,22.098713851319992,21.030380600754732,31.868937086668243,17.17257472918113,
persistence,E_MIX,main,delay1,31.419715338830343,21.497732101482427,0.4815407248330591,47,59.86181246487145,11.625700845794992,21.939934798975614,31.972481771217943,17.259408812940574,
persistence,E_MIX,main,delay24,16.994219468815118,23.836340281847857,0.31449047205094316,47,56.600656404077036,10.920841154640003,21.152480646869357,31.99868264250194,17.107485339329756,
persistence,E_MIX,main,risk10,20.262237629013224,9.913091902079007,0.5759591427163032,44,24.322829938213705,4.600008301514998,10.133127629863612,15.958798739172723,8.65225625172051,
persistence,E_STRICT,main,base,17.02207046011386,23.51374297228673,0.3214955565547352,69,58.76806245154953,11.822726787974998,12.325277340664265,27.64642503404831,16.368959949967696,
persistence,E_STRICT,main,cost_x2,10.828398847925103,24.571906029231684,0.2386400038042676,69,113.9167849335745,22.976427542789995,12.061278455610882,27.601069994848217,16.33483936986002,
persistence,E_STRICT,main,delay1,15.956150691992432,24.903761419049975,0.30811794363841893,69,57.82492130296194,11.62524064815,12.206855271039316,27.650677063377387,16.30588224493976,
persistence,E_STRICT,main,delay24,17.952819999548765,23.001805406388364,0.333695348832164,69,59.86327305331359,11.989917437819999,13.216689286623962,27.644007924514558,16.360815345439207,
persistence,E_STRICT,main,risk10,11.192464454280927,11.004060836710627,0.36619697449605043,69,26.95823947751532,5.464168681679997,5.750431502007261,13.717619694693948,8.140978358963132,
persistence,H_MIX,main,base,75.24898642534,27.73010165572539,0.8019833958374112,22,45.88821363566617,8.772112625129997,30.123404914199853,38.172497742482264,19.952351311632505,
persistence,H_MIX,main,cost_x2,68.81985796061284,27.88086532291757,0.7560719216142,22,90.27614019299995,17.308950451859996,29.80016025099279,38.166624330406215,19.919698383042405,
persistence,H_MIX,main,delay1,75.61212575361755,28.605750166264453,0.8050361169719897,22,46.08987443320895,8.835361675515,30.327284944901987,38.093938471423755,19.93661691216856,
persistence,H_MIX,main,delay24,52.031738236078006,31.338819451417955,0.6280508966771202,22,42.74992164223636,8.247461157915003,28.47198906093595,37.93572437993459,19.762830606498763,
persistence,H_MIX,main,risk10,30.80452808196601,14.589203359596315,0.724563395712431,22,17.684975745094555,3.42242685441,12.446190419164436,18.889676766346717,9.94019212882428,
persistence,H_STRICT,main,base,73.06288918116249,27.26431305719511,0.8025150200188546,20,42.99447844544599,7.924378569854999,27.47809552692979,36.757414769044374,19.416956490743072,
persistence,H_STRICT,main,cost_x2,65.40913494216059,27.674011172365542,0.7443409714178868,20,84.34296760788729,15.614170768559998,27.118106598052677,36.730653689620276,19.415273296047797,
persistence,H_STRICT,main,delay1,77.96025301736688,26.29305164858291,0.8378341825563981,20,43.7450698030933,8.058132791009996,27.863586367781863,36.762369241771815,19.43468161693522,
persistence,H_STRICT,main,delay24,67.89883309896271,29.955639120066447,0.7632505019616251,20,42.73296652604891,7.908630330855,27.439385546535753,36.59890460853724,19.42509013876598,
persistence,H_STRICT,main,risk10,29.659455974417682,14.104160576898373,0.7226219334616788,20,16.471356944708297,3.068407644044999,11.416389632930702,18.108897281819843,9.619394775168374,
persistence,B_MIX,recent,base,4.249117194828833,12.816974681621662,0.3913712810661669,8,9.128350327291052,2.1072627366300005,10.477592012208738,48.58323657312455,22.338379079285524,
persistence,B_MIX,recent,cost_x2,2.941696450924325,12.884823112171706,0.30627972654957364,8,17.948114963569523,4.131195946259999,10.528574619071,48.79087595269795,22.401067081986906,
persistence,B_MIX,recent,delay1,4.588017764148433,13.297132116421084,0.4110880634007093,8,9.388106313037799,2.178265339095,10.613784593615195,48.266109541936466,22.575583682332915,
persistence,B_MIX,recent,delay24,-6.465012666866232,20.043991396102033,-0.3017395331004518,8,9.405697075742134,2.194060835955001,10.423162143034709,48.43406450618823,23.83949385187302,
persistence,B_MIX,recent,risk10,3.4327804805500683,6.412063175829818,0.5041674986786066,8,4.231788275034464,0.9542077207649997,4.938163901299503,23.939151349142325,11.322974779711203,
persistence,E_MIX,recent,base,4.739702789212918,10.462371846576946,0.5014328447705304,8,8.218622723722385,2.1445357247250003,6.704702240575389,30.520124491917507,16.58334836133578,
persistence,E_MIX,recent,cost_x2,3.6782105850128977,10.791865443858583,0.40824954277211517,8,16.409240405940658,4.28485131237,6.692048668439111,30.587560706599536,16.645101739633255,
persistence,E_MIX,recent,delay1,4.223053626200146,10.52545074246205,0.4558381074569854,8,8.28330853188421,2.1652984379099998,6.723454631794845,30.6156652926595,16.632383504625796,
persistence,E_MIX,recent,delay24,-1.9981442383118608,12.7832073525592,-0.08868873421084651,8,8.006713319576816,2.089229103435,6.3650621398930545,30.59940816065863,17.3468290999705,
persistence,E_MIX,recent,risk10,1.4523590288351595,4.976227924706588,0.2997081439931789,9,3.5847300956626205,0.9272586875699999,2.9576298715858496,14.35402978574002,8.393873102485054,
persistence,E_STRICT,recent,base,1.8683032082956297,9.298504109292727,0.25909713549365565,16,9.8526291652792,2.6391475633949995,4.255420111630734,23.086773233691815,15.042977538795304,
persistence,E_STRICT,recent,cost_x2,0.6859843473024041,10.018687252166592,0.14252878595006876,16,19.545330638702172,5.235422735459999,4.236700447185868,23.157724882848846,15.037126141844478,
persistence,E_STRICT,recent,delay1,1.8585205220766232,9.724104119441412,0.2593061497620967,16,9.799281888098774,2.6221750227899996,4.258203931654993,23.059353401209144,14.892810229796872,
persistence,E_STRICT,recent,delay24,-8.188806555235873,18.20314657793417,-0.7394089736017601,16,9.407778210143078,2.52807067668,3.8547705344646697,23.034380563179752,15.698081342156838,
persistence,E_STRICT,recent,risk10,0.81370552964386,5.181388318090285,0.19542542271703278,16,4.596419166474701,1.23100334901,2.0480258119246564,11.069979957099669,7.757223721950973,
persistence,H_MIX,recent,base,-0.26236193134540065,15.06833344978087,0.08320772019678192,5,5.3174836601767055,1.466808436095,8.967467482816454,36.04265008027484,20.494404440077872,
persistence,H_MIX,recent,cost_x2,-0.5763778093394234,15.311422084227678,0.06038121888059427,5,10.50198739443476,2.89419274842,8.96667664945912,36.12725698659215,20.535149294622123,
persistence,H_MIX,recent,delay1,2.01403339118309,15.15562145668371,0.2477381324072128,5,5.353805929389802,1.4747567819999998,9.167928623219902,35.90987663273448,20.76150480923974,
persistence,H_MIX,recent,delay24,-6.9865725762905395,20.26445274730959,-0.3642475746668807,5,5.55911348856152,1.5477798918300003,8.818744417485961,36.26934327698797,22.748084465589184,
persistence,H_MIX,recent,risk10,1.4421007664957575,7.541708866673169,0.25771581890612427,5,2.33970484241317,0.6366368640300001,4.239337171400474,17.836861182190226,10.461034098310892,
persistence,H_STRICT,recent,base,-8.677913652135071,15.143287610669908,-0.6030425686487038,5,4.816587984470515,1.3273387343849996,7.691960297503069,34.47706425924549,19.457214974684717,
persistence,H_STRICT,recent,cost_x2,-9.417572915166005,15.444772744990154,-0.6634032316787314,5,9.746788216963822,2.690635623689999,7.69068438899107,34.55231357122888,19.51125437222054,
persistence,H_STRICT,recent,delay1,-8.032607782013478,15.381625747191919,-0.5496924691873246,5,4.755651083462901,1.30821200475,7.777921268075233,34.48821816267959,19.432876533677852,
persistence,H_STRICT,recent,delay24,-16.008616456840784,22.993364834126485,-1.13416295580593,5,4.90313903919702,1.36267682133,7.393048092118881,34.66460710890698,21.121063355115393,
persistence,H_STRICT,recent,risk10,-2.742505941888451,8.128070407143495,-0.3593195681123802,5,2.164656171550005,0.586704143295,3.8863675959614876,17.661554623780678,10.182790852731092,
funding,F_CROWD,main,availability0,-2.8065231783155467,3.4443301821629135,-0.607430706850232,18,2.3344120841835125,0.7003230065249997,2.4686168075529356,0.3070052598332158,,0
funding,F_CROWD,main,availability1440,-1.2085391370334264,2.297143527512646,-0.2719586421156675,13,1.7144769573220753,0.5143428241499999,1.8343894111377004,0.2431232187731012,,0
funding,F_CROWD,main,availability240,-2.395732935472222,3.010148706244953,-0.5081894851308567,17,2.3595116986068505,0.7078529831999999,2.5047933270844656,0.32797051792119863,,0
funding,F_CROWD,main,base,-2.8065231783155467,3.4443301821629135,-0.607430706850232,18,2.3344120841835125,0.7003230065249997,2.4686168075529356,0.3070052598332158,,0
funding,F_CROWD,main,cost_x2,-2.991055792519421,3.5886705777989913,-0.6517661982017555,18,4.497291576243351,1.3491851023499994,2.2750632533990287,0.29476641262126146,,0
funding,F_CROWD,main,execution60,-2.53003065555655,3.287040814733466,-0.5677627325753859,17,2.196605798556638,0.658981183275,2.279368926266521,0.26841936829420415,,0
funding,F_CROWD,main,fund12,-0.38170765925135586,1.4259740201086224,-0.11430067418704515,6,0.7885724437368751,0.23657165324999996,0.7578925044734791,0.10118734104807423,,0
funding,F_CROWD,main,fund3,7.81203132249384,7.0202535575277665,0.5425520690305049,96,16.884160214644705,5.065250057745001,11.476319797327632,2.644325140136525,,0
funding,F_CROWD,main,risk_half,-1.3754955368772925,1.8005121885552144,-0.7148644238775587,11,0.9202889051350001,0.2760863699999999,0.84321990636244,0.09093932939995981,,0
funding,F_CROWD,main,stop5,-2.808506566144774,3.434002769204003,-0.6130205003606096,18,2.2491677264219625,1.771816688425,2.2750632533990287,0.29447856584650806,,0
funding,F_JOIN,main,availability0,2.3172856606804997,3.2140460068520116,0.27678281570280117,14,2.201948503627913,0.6605852541749999,-5.212904135391752,0.29491478013865313,,0
funding,F_JOIN,main,availability1440,-2.9884697308541264,3.874041054333266,-0.5958484468764964,16,1.9276103383178003,0.5782825644,-3.507900405823623,0.20293216014842272,,0
funding,F_JOIN,main,availability240,1.0398920059137253,3.146606931771112,0.13931124450610058,14,2.1165343873879126,0.6349607241749999,-4.981079329299559,0.266505183145703,,0
funding,F_JOIN,main,base,2.3172856606804997,3.2140460068520116,0.27678281570280117,14,2.201948503627913,0.6605852541749999,-5.212904135391752,0.29491478013865313,,0
funding,F_JOIN,main,cost_x2,2.775721349031687,2.7366127425477615,0.34713158802311816,14,3.9116684111644493,1.17350391555,-4.8487326829690325,0.2805749587575552,,0
funding,F_JOIN,main,execution60,0.12248218164393165,3.1912412620968666,0.02595139454819763,14,2.337664383503663,0.701299512675,-4.51949878738192,0.26533416725799563,,0
funding,F_JOIN,main,fund12,-0.6900960941838321,2.25463198783179,-0.14585746415693104,8,1.09998833044095,0.3299964381,-2.758430173297025,0.14768205321097214,,0
funding,F_JOIN,main,fund3,6.631635236106194,3.759190992498651,0.4942611438928211,73,12.548710060839225,3.7646151675600037,-12.895132810537019,1.8232131122545827,,0
funding,F_JOIN,main,risk_half,0.9946750378347247,1.3614009568589158,0.2814010431194089,10,0.829236715757775,0.24877130444999995,-1.8518046014454046,0.10593794474538007,,0
funding,F_JOIN,main,stop5,2.503109909979048,3.0867716503357068,0.29913805382638803,14,2.0901542666452375,1.400542179525,-5.185372954038999,0.2928186548576146,,0
funding,P_FUND_MASK,main,availability0,22.374671609603183,8.242819731372498,0.7173226315056249,424,91.92342269185708,27.577034639669947,-4.846733072436422,11.807771712734304,,24
funding,P_FUND_MASK,main,availability1440,22.374671609603183,8.242819731372498,0.7173226315056249,424,91.92342269185708,27.577034639669947,-4.846733072436422,11.807771712734304,,24
funding,P_FUND_MASK,main,availability240,22.374671609603183,8.242819731372498,0.7173226315056249,424,91.92342269185708,27.577034639669947,-4.846733072436422,11.807771712734304,,24
funding,P_FUND_MASK,main,base,22.374671609603183,8.242819731372498,0.7173226315056249,424,91.92342269185708,27.577034639669947,-4.846733072436422,11.807771712734304,,24
funding,P_FUND_MASK,main,cost_x2,9.19307261061731,8.917138169542282,0.34779231616514256,423,161.7560024281689,48.52682835913494,-4.794046956527852,11.090684879985098,,24
funding,P_FUND_MASK,main,execution60,24.570624036484013,7.1390337604126275,0.7680822872988246,421,98.06326426812883,29.418987761092456,-3.7294573559370683,12.070932761829535,,24
funding,P_FUND_MASK,main,risk_half,6.938025706042822,4.028283057788573,0.510966662016599,354,35.0257495260596,10.507727485424999,-1.8688050280927173,4.879481282749376,,24
funding,P_FUND_MASK,main,stop5,19.85823685072146,8.274481123613342,0.6572435426575531,424,88.11877677446947,64.03519128072008,-5.364318937594952,11.509701593773546,,24
funding,F_CROWD,recent,availability0,0.0,0.0,0.0,0,0.0,0.0,0.0,0.0,,0
funding,F_CROWD,recent,availability1440,0.0,0.0,0.0,0,0.0,0.0,0.0,0.0,,0
funding,F_CROWD,recent,availability240,0.0,0.0,0.0,0,0.0,0.0,0.0,0.0,,0
funding,F_CROWD,recent,base,0.0,0.0,0.0,0,0.0,0.0,0.0,0.0,,0
funding,F_CROWD,recent,cost_x2,0.0,0.0,0.0,0,0.0,0.0,0.0,0.0,,0
funding,F_CROWD,recent,execution60,0.0,0.0,0.0,0,0.0,0.0,0.0,0.0,,0
funding,F_CROWD,recent,fund12,0.0,0.0,0.0,0,0.0,0.0,0.0,0.0,,0
funding,F_CROWD,recent,fund3,0.0,0.0,0.0,0,0.0,0.0,0.0,0.0,,0
funding,F_CROWD,recent,risk_half,0.0,0.0,0.0,0,0.0,0.0,0.0,0.0,,0
funding,F_CROWD,recent,stop5,0.0,0.0,0.0,0,0.0,0.0,0.0,0.0,,0
funding,F_JOIN,recent,availability0,0.0,0.0,0.0,0,0.0,0.0,0.0,0.0,,0
funding,F_JOIN,recent,availability1440,0.0,0.0,0.0,0,0.0,0.0,0.0,0.0,,0
funding,F_JOIN,recent,availability240,0.0,0.0,0.0,0,0.0,0.0,0.0,0.0,,0
funding,F_JOIN,recent,base,0.0,0.0,0.0,0,0.0,0.0,0.0,0.0,,0
funding,F_JOIN,recent,cost_x2,0.0,0.0,0.0,0,0.0,0.0,0.0,0.0,,0
funding,F_JOIN,recent,execution60,0.0,0.0,0.0,0,0.0,0.0,0.0,0.0,,0
funding,F_JOIN,recent,fund12,0.0,0.0,0.0,0,0.0,0.0,0.0,0.0,,0
funding,F_JOIN,recent,fund3,0.0,0.0,0.0,0,0.0,0.0,0.0,0.0,,0
funding,F_JOIN,recent,risk_half,0.0,0.0,0.0,0,0.0,0.0,0.0,0.0,,0
funding,F_JOIN,recent,stop5,0.0,0.0,0.0,0,0.0,0.0,0.0,0.0,,0
funding,P_FUND_MASK,recent,availability0,3.332839411363011,7.228517749533314,0.6457304680766635,72,13.5403916002791,4.062118614750001,0.50129232866032,12.082285881683871,,0
funding,P_FUND_MASK,recent,availability1440,3.332839411363011,7.228517749533314,0.6457304680766635,72,13.5403916002791,4.062118614750001,0.50129232866032,12.082285881683871,,0
funding,P_FUND_MASK,recent,availability240,3.332839411363011,7.228517749533314,0.6457304680766635,72,13.5403916002791,4.062118614750001,0.50129232866032,12.082285881683871,,0
funding,P_FUND_MASK,recent,base,3.332839411363011,7.228517749533314,0.6457304680766635,72,13.5403916002791,4.062118614750001,0.50129232866032,12.082285881683871,,0
funding,P_FUND_MASK,recent,cost_x2,-0.6208777651656874,8.513507556160238,-0.09352163647001667,72,24.781738380687404,7.4345238147,0.44644254373018516,11.06988818253885,,0
funding,P_FUND_MASK,recent,execution60,3.335562726806734,8.634332999563288,0.6091029692144562,72,15.1755833455196,4.55267619555,0.110814809137699,12.405533991332424,,0
funding,P_FUND_MASK,recent,risk_half,2.4820613763148685,2.9619148049968125,1.011916179109953,66,5.818725924861303,1.7456185021500001,0.17644219015945284,5.339168608153162,,0
funding,P_FUND_MASK,recent,stop5,3.170390507787488,7.277820556065895,0.6179116593744668,72,13.129179177807952,9.568632881549993,0.4852031372341619,11.690733247337578,,0
regime,RG_ENTRY,main,base,25.693716187034312,22.00619505238357,0.42311306390688946,37,53.64020800832199,10.073517328605007,18.08799050726858,30.356623069638296,16.846948627929958,
regime,RG_ENTRY,main,cost_x2,17.48210922428981,22.656233814146443,0.3231609505041298,37,104.19243227673644,19.646741198369998,17.68709981800047,30.308620501651966,16.819508090042223,
regime,RG_ENTRY,main,delay1,22.857335754876473,23.041282454584856,0.3903767290185038,37,52.99665437331673,9.973172204759999,18.063168926841332,30.30677260828175,16.763629024534538,
regime,RG_ENTRY,main,delay24,14.652509640239252,22.9761693240804,0.28655974362979925,37,53.48587546429333,9.997488352155003,18.580843718838157,30.429979687077065,16.874854035110538,
regime,RG_ENTRY,main,risk10,18.206252828069893,11.96326959167906,0.5313206801524512,34,23.197256479724906,4.2473867135399965,8.968617473962375,15.326559761816632,8.551959375818509,
regime,RG_FLAT,main,base,42.738257960777595,16.707065273876164,0.661505537635744,56,57.454568436911856,10.482454453470003,4.837419698158941,23.151745949916055,15.172604594821637,
regime,RG_FLAT,main,cost_x2,34.369341444830326,16.96489303187928,0.5611611943073787,56,112.07031151771199,20.47664087922001,4.723441845233155,23.189511740128303,15.203930659273142,
regime,RG_FLAT,main,delay1,41.08886631623958,15.632132584283198,0.6441081737412332,56,57.39049408695835,10.488895442579999,4.860411491934752,23.16887019276373,15.119159396040741,
regime,RG_FLAT,main,delay24,32.432864726297915,17.168145848716964,0.547092962412741,56,58.00233225959592,10.580952479325001,5.337629701900157,23.25153400867091,14.829104169740646,
regime,RG_FLAT,main,risk10,20.928442046645102,7.908925160764579,0.6596737163641186,53,23.59649614317318,4.301040555180001,1.9297349648065658,11.683345810507548,7.638276249042031,
regime,RG_ENTRY,recent,base,12.956139341600181,7.238755692056942,1.2622299702428375,5,6.188516340739341,1.5148203128399997,4.602675669580222,25.150660158319543,15.432653968882718,
regime,RG_ENTRY,recent,cost_x2,12.179007734418757,7.4102014761681545,1.1929613169888404,5,12.355350992903423,3.0263916324899998,4.602675669580222,25.201821958189857,15.462980411248726,
regime,RG_ENTRY,recent,delay1,12.604379181160684,7.3188902006230965,1.2260035203760107,5,6.19202329166387,1.5160431033000001,4.606684006569977,25.24009480911934,15.517545554282442,
regime,RG_ENTRY,recent,delay24,6.653493308926461,9.463892449627986,0.6723826911052114,5,6.108086304764861,1.50514979877,4.465101592798453,25.48818218060442,16.368200539989523,
regime,RG_ENTRY,recent,risk10,5.216202636863998,4.614745733274795,1.0061884253040034,6,2.720005590175735,0.663434040855,2.0228708996723914,11.854444211529946,7.899045937406828,
regime,RG_FLAT,recent,base,9.489886552688054,6.19384460806276,1.2388391602700226,8,4.891699370972651,1.13833187289,0.715997770743701,10.802555447887716,11.523781680021845,
regime,RG_FLAT,recent,cost_x2,8.883469279952783,6.288679793829221,1.1637762507958862,8,9.764774445424742,2.2738726257899997,0.715997770743701,10.813624736296477,11.552827036102567,
regime,RG_FLAT,recent,delay1,9.074809836055774,5.927114986845727,1.2030899563202209,8,4.890822357929885,1.138711152255,0.715997770743701,10.782790641475138,11.378014336121367,
regime,RG_FLAT,recent,delay24,6.853244716800866,6.399713713533107,0.8460645925457406,8,5.08401003986398,1.1915911614,0.6083915692731132,10.671875550489277,12.714018862511992,
regime,RG_FLAT,recent,risk10,4.199102426253876,3.107222949997135,1.2201515307512911,8,2.187709320873646,0.5056050594749999,0.2954129428888997,5.34670277535062,5.1729860774147545,
