strategy,period,scenario,return_pct,max_drawdown_pct,realized_vol_pct,sharpe,round_trips,fees,impact,funding,mean_exposure
UV_COUNT,main,base,-12.682638949578406,42.71187513835238,18.299366953532807,-0.09358494273983792,64,30.496457295643733,9.1489363995,-52.105745800637635,0.3281516688121561
UV_COUNT,main,cost_x2,-17.97402868147666,43.07939710429578,18.213979462527995,-0.1806033495634849,63,58.93800739342492,17.681397489,-50.5761319323447,0.325792467710415
UV_COUNT,main,data_delay7,33.703934151219485,21.858801482421754,17.976639287241515,0.4933258178417264,57,41.68219031568247,12.504667863000002,-87.36470030911704,0.32953894119058375
UV_COUNT,main,delay1,-18.318177616458975,44.350581945401146,18.176010303698643,-0.18711891547128523,63,29.421446366955998,8.826431780999991,-50.30781801663126,0.3253493606114646
UV_COUNT,main,delay24,-33.63207687378333,49.12628458836513,18.06290785758797,-0.4763770762432647,62,24.654482097497997,7.3963386899999986,-40.30330795033527,0.32023542867804483
UV_COUNT,main,risk10,-3.0304346998792253,24.45244518748132,9.006367105801223,-0.04031296427566916,57,13.304260740429754,3.9912785774999975,-28.80307768086022,0.15986323562104612
UV_INFO,main,base,-10.96167570999893,35.720154245812864,18.466064146417573,-0.06464718585176005,71,33.021859258865,9.906557450999996,-52.17014039011769,0.3375749321910055
UV_INFO,main,cost_x2,-16.650965224990443,36.64839729843331,18.4355656089162,-0.15446180578196061,71,63.73342516795992,19.120024662000006,-51.563002419946336,0.33821095958151287
UV_INFO,main,data_delay7,1.947601648984243,24.15939308923526,16.869351508331953,0.11274362802916352,53,32.70844900701324,9.812537548500002,-64.5094869546391,0.3142135088419292
UV_INFO,main,delay1,-10.668886158758584,35.261460567747385,18.48656776365293,-0.059962981008972564,71,33.02251026813922,9.906752842499996,-53.18440847694268,0.3387017027438078
UV_INFO,main,delay24,-15.813322543412234,41.04893051094295,18.612207498024844,-0.13794671850481519,70,31.471650058651228,9.441493525499995,-50.90473184996902,0.3362787656571183
UV_INFO,main,risk10,-3.456419824616086,18.687956000978467,8.753309031486904,-0.05662169673700949,66,14.463347148821253,4.339004431500001,-28.51089666583708,0.16226195009577157
UV_INV,main,base,-3.072362895486991,27.385924116778583,18.57337049811221,0.050706124880372835,80,43.733593802574006,13.120079652000001,-41.035635500291704,0.3419397490079512
UV_INV,main,cost_x2,-4.415383741196122,28.42830810721264,18.538878352653324,0.03162712975609742,80,87.370770560268,26.21124097200001,-39.504265879695815,0.34029974100947985
UV_INV,main,data_delay7,30.837173416879217,21.55789051724706,16.968693669066294,0.4803527259855435,48,40.391216474255955,12.117374766000005,-75.72959459094292,0.3176256452865432
UV_INV,main,delay1,-3.6498596513420245,25.60174156795475,18.476689269683632,0.041858542620747896,80,44.59276256174424,13.377830173500008,-40.971413778172305,0.34023737822947275
UV_INV,main,delay24,12.228659494136407,22.956578018282137,18.933283416346317,0.24650343099910543,80,53.606691382381214,16.082012854500007,-49.7929508217415,0.34470794261762183
UV_INV,main,risk10,-0.9449785010890999,14.761165623547612,9.002502040718287,0.018601729154386605,73,18.880597005796748,5.664179905500002,-20.62771809958913,0.16391204771349063
UV_PRICE,main,base,-16.59450174639635,43.47860500322065,19.166131098134738,-0.14065677859804002,61,28.634016259196247,8.590203004499998,-45.46484820026619,0.3647305068046089
UV_PRICE,main,cost_x2,-19.969889392792894,43.6521571859146,19.05529843767366,-0.19671395454119478,61,56.364517611995005,16.909347939000003,-44.818378376935094,0.3633192908499829
UV_PRICE,main,data_delay7,-26.05157919938176,44.00490900983326,18.333061110818647,-0.3194284070492764,59,26.27130954959224,7.881388606499999,-37.10186383772222,0.34660191051757966
UV_PRICE,main,delay1,-21.07299891225821,46.20994804936398,18.870482023959315,-0.2188011690113676,61,26.69065189623101,8.007192561000002,-42.34906466534754,0.3592328794037178
UV_PRICE,main,delay24,-37.7615101475536,50.874957658006025,19.126596766810426,-0.5234032887586033,63,22.15714694451299,6.64713702,-34.883977511025755,0.3589721490820118
UV_PRICE,main,risk10,-10.526161391343724,24.3465763817034,9.379038708823684,-0.24933311476093184,56,13.300269527502241,3.9900794024999966,-23.27123498343728,0.1753273992345708
UV_SEMI,main,base,-16.45623169389837,43.631104168414815,18.964982076703606,-0.14199001161476693,68,31.359398062741747,9.407817709500002,-47.8252111667428,0.35205146466396114
UV_SEMI,main,cost_x2,-20.4009081937826,44.9473856788851,18.948389474958425,-0.20600535971323164,68,60.90707987679697,18.272116749000002,-44.67389531203189,0.3490670927502419
UV_SEMI,main,data_delay7,26.0457777233557,21.445929062583403,17.141620187578365,0.4228838025450542,51,37.5562806319747,11.266892896499995,-77.69271923796171,0.318752128938925
UV_SEMI,main,delay1,-21.63275228583148,44.69146472427795,19.001790437001837,-0.2253496670769962,67,30.59998944782952,9.179993856000001,-44.17647955448273,0.3496524425246085
UV_SEMI,main,delay24,-34.1285415642732,53.04082286667233,19.007406930488454,-0.45338292537714464,66,24.103985315247996,7.2311894219999955,-35.613600905483835,0.3434896229154552
UV_SEMI,main,risk10,-7.927183022952677,24.720739763975253,9.35227250849682,-0.17384298910586424,60,14.105322641337994,4.231595981999998,-24.91707160618528,0.17002439743577863
UV_TREND,main,base,23.882873494672374,20.95240795421366,16.963217773861405,0.4000278553835757,47,36.38043194901995,10.914137660999996,-72.82309544325017,0.31140109105338737
UV_TREND,main,cost_x2,15.195854148198308,21.5858684809198,16.681065316198875,0.29506129374157714,47,69.28057092719,20.784199272000013,-69.01938831882707,0.30750423269014454
UV_TREND,main,data_delay7,23.882873494672374,20.95240795421366,16.963217773861405,0.4000278553835757,47,36.38043194901995,10.914137660999996,-72.82309544325017,0.31140109105338737
UV_TREND,main,delay1,21.990605896111948,21.96760340223738,16.921622159194545,0.37784796793080855,47,36.28796142271623,10.886396050500009,-71.7500335656607,0.3108463342598264
UV_TREND,main,delay24,11.83355293100703,23.672568024182837,16.490714981265032,0.2516447013269886,47,34.514621100063756,10.354391509500001,-66.99460808035852,0.3067125354222135
UV_TREND,main,risk10,13.477574950441685,10.319690958828565,8.20157065325541,0.42609971555171783,43,13.88945006951075,4.166839189499999,-32.441151236569624,0.14879601415599847
UV_COUNT,recent,base,2.1417061753684408,10.74554570505002,16.709505899391665,0.27304495021404107,10,7.407094318729998,2.222128859999999,5.962684932412609,0.3100978567555199
UV_COUNT,recent,cost_x2,1.2374221453059553,11.042656126647199,16.751985797133294,0.19303379963399797,10,14.812701779049998,4.443812849999999,5.894236082107487,0.30983373865071345
UV_COUNT,recent,data_delay7,4.62839056986033,10.450945997063743,16.520409487759576,0.49304549597381975,8,7.085559392075001,2.1256689299999993,6.056134020677491,0.3015824635668797
UV_COUNT,recent,delay1,1.4432012396258465,10.591318756065416,16.725223119110673,0.21138190135553497,10,7.48075164019,2.244225899999999,6.026189936446282,0.3109232262487195
UV_COUNT,recent,delay24,-4.422922119423223,14.250037273848836,17.606908198642376,-0.2985141747603973,10,7.311405184537501,2.1934206450000007,5.736104635305748,0.31113679783710513
UV_COUNT,recent,risk10,0.37997906390185854,5.976972088531573,8.463997612892943,0.10932999318496277,10,3.0456897737024997,0.9137070449999999,2.741887457722046,0.14438953969868365
UV_INFO,recent,base,4.62839056986033,10.450945997063743,16.520409487759576,0.49304549597381975,8,7.085559392075001,2.1256689299999993,6.056134020677491,0.3015824635668797
UV_INFO,recent,cost_x2,3.51876783416587,10.791645567641927,16.584319016431916,0.39519766616147006,8,14.172661716339999,4.251802799999999,5.99994285799818,0.30109031150135945
UV_INFO,recent,data_delay7,0.9141913879652241,11.627104614603034,17.139324068322576,0.16450605257449064,10,7.1598029643749985,2.1479411699999993,5.9746580140263585,0.3127194054048356
UV_INFO,recent,delay1,4.0010646357969915,10.49950641268288,16.582752889082723,0.43738935918596217,8,7.160693453385,2.14820901,6.031348821353912,0.30140887206779876
UV_INFO,recent,delay24,-2.178617005657957,12.922747382077581,17.308776161332123,-0.1052579875559491,8,6.932456738857502,2.0797366050000003,5.7441232872780645,0.301580864924892
UV_INFO,recent,risk10,1.4287743792129604,4.957048402083464,8.346651662332663,0.2967474396429232,9,2.9064927977225,0.871948185,2.702484774853724,0.1398533587772849
UV_INV,recent,base,4.62839056986033,10.450945997063743,16.520409487759576,0.49304549597381975,8,7.085559392075001,2.1256689299999993,6.056134020677491,0.3015824635668797
UV_INV,recent,cost_x2,3.51876783416587,10.791645567641927,16.584319016431916,0.39519766616147006,8,14.172661716339999,4.251802799999999,5.99994285799818,0.30109031150135945
UV_INV,recent,data_delay7,18.806092814428844,9.787645654340105,16.436786562106388,1.6565416125439762,13,9.662508774160004,2.8987570199999992,5.610993938448354,0.3124756042716009
UV_INV,recent,delay1,4.0010646357969915,10.49950641268288,16.582752889082723,0.43738935918596217,8,7.160693453385,2.14820901,6.031348821353912,0.30140887206779876
UV_INV,recent,delay24,-2.178617005657957,12.922747382077581,17.308776161332123,-0.1052579875559491,8,6.932456738857502,2.0797366050000003,5.7441232872780645,0.301580864924892
UV_INV,recent,risk10,1.4287743792129604,4.957048402083464,8.346651662332663,0.2967474396429232,9,2.9064927977225,0.871948185,2.702484774853724,0.1398533587772849
UV_PRICE,recent,base,-16.012379999571657,20.779063602267723,19.31286385962518,-1.2599565934247725,10,6.910686698775,2.073202469999999,6.1770891730556725,0.34912409432182934
UV_PRICE,recent,cost_x2,-16.831161635885692,20.948179940667856,19.397679416362244,-1.3293912425811032,10,13.694089805559997,4.108212839999998,6.175886286700572,0.34792173185178404
UV_PRICE,recent,data_delay7,-9.480291589328315,20.743482081049493,20.207579182834717,-0.639342722052594,10,6.736016933857502,2.0208029849999996,7.07200402557332,0.3274207612513519
UV_PRICE,recent,delay1,-15.364631082637526,21.297209785096282,19.438342008270517,-1.1910827086052103,10,7.061363704359998,2.11840572,6.258258597982505,0.35010538353941834
UV_PRICE,recent,delay24,-18.36284986708239,24.807169883393843,21.2653654619823,-1.3257302786060012,10,7.398670228125001,2.21959701,6.364768567299824,0.34553314778738226
UV_PRICE,recent,risk10,-7.035092684633137,10.543194722358773,9.805641222471717,-1.0683808266960717,10,3.2034641403524993,0.961037685,3.018274979023848,0.16907362267714132
UV_SEMI,recent,base,4.62839056986033,10.450945997063743,16.520409487759576,0.49304549597381975,8,7.085559392075001,2.1256689299999993,6.056134020677491,0.3015824635668797
UV_SEMI,recent,cost_x2,3.51876783416587,10.791645567641927,16.584319016431916,0.39519766616147006,8,14.172661716339999,4.251802799999999,5.99994285799818,0.30109031150135945
UV_SEMI,recent,data_delay7,4.62839056986033,10.450945997063743,16.520409487759576,0.49304549597381975,8,7.085559392075001,2.1256689299999993,6.056134020677491,0.3015824635668797
UV_SEMI,recent,delay1,4.0010646357969915,10.49950641268288,16.582752889082723,0.43738935918596217,8,7.160693453385,2.14820901,6.031348821353912,0.30140887206779876
UV_SEMI,recent,delay24,-2.178617005657957,12.922747382077581,17.308776161332123,-0.1052579875559491,8,6.932456738857502,2.0797366050000003,5.7441232872780645,0.301580864924892
UV_SEMI,recent,risk10,1.4287743792129604,4.957048402083464,8.346651662332663,0.2967474396429232,9,2.9064927977225,0.871948185,2.702484774853724,0.1398533587772849
UV_TREND,recent,base,4.62839056986033,10.450945997063743,16.520409487759576,0.49304549597381975,8,7.085559392075001,2.1256689299999993,6.056134020677491,0.3015824635668797
UV_TREND,recent,cost_x2,3.51876783416587,10.791645567641927,16.584319016431916,0.39519766616147006,8,14.172661716339999,4.251802799999999,5.99994285799818,0.30109031150135945
UV_TREND,recent,data_delay7,4.62839056986033,10.450945997063743,16.520409487759576,0.49304549597381975,8,7.085559392075001,2.1256689299999993,6.056134020677491,0.3015824635668797
UV_TREND,recent,delay1,4.0010646357969915,10.49950641268288,16.582752889082723,0.43738935918596217,8,7.160693453385,2.14820901,6.031348821353912,0.30140887206779876
UV_TREND,recent,delay24,-2.178617005657957,12.922747382077581,17.308776161332123,-0.1052579875559491,8,6.932456738857502,2.0797366050000003,5.7441232872780645,0.301580864924892
UV_TREND,recent,risk10,1.4287743792129604,4.957048402083464,8.346651662332663,0.2967474396429232,9,2.9064927977225,0.871948185,2.702484774853724,0.1398533587772849
