experiment,strategy,period,scenario,return_pct,max_drawdown_pct,realized_vol_pct,sharpe,round_trips,fees,impact,funding,mean_exposure,max_exposure
COT,COT_INV,main,base,61.10389858453278,24.956130424459666,22.477990230777472,0.6422029184838706,101,111.10000416579823,21.85519753835999,63.130173349493695,0.4378164871817102,1.054468896769617
COT,COT_INV,main,cost_x2,41.78653748331573,26.590626272933736,22.501115502138394,0.4999474629961507,101,207.60163299932987,40.846652905800006,58.75662513828583,0.4377315510205163,1.0562658036189667
COT,COT_INV,main,delay1,63.22341110425833,25.64930260441287,22.26999657180145,0.6607276239578443,101,112.22553754033396,22.107425779335,63.721221662260845,0.43753643625308436,1.0539489546931833
COT,COT_INV,main,delay24,62.223269389283,38.42878753188042,22.720644597720703,0.6454452101961135,101,109.96842375792387,21.70662620065501,62.533213151426985,0.43715500699364607,1.0222167648128047
COT,COT_INV,main,risk10,25.80424223664646,12.65369270155684,11.312338527942677,0.5634960050852794,101,48.203214533400256,9.371110667925,26.35935566779117,0.21567871871744443,0.8874747917737338
COT,COT_NET,main,base,-44.581536237619225,56.08680900871663,22.142539431304268,-0.5551567004810716,119,90.15157067069718,17.936133126630015,71.54259402113678,0.4313024525149253,1.0891236631116932
COT,COT_NET,main,cost_x2,-49.469436854298756,57.84017578211073,22.114821786874465,-0.6603670005341423,119,171.2767780455751,34.050877819740016,67.40505092232455,0.4302947469768902,1.089369185382344
COT,COT_NET,main,delay1,-42.812475554909454,53.99112381920401,21.801931189411512,-0.53125505249837,119,89.98267367989736,17.913809623350005,70.94736975415832,0.43027329346817633,1.0928145349745004
COT,COT_NET,main,delay24,-40.6516054207113,47.29657789724014,22.447148885155933,-0.4681682023972004,119,86.34941301339434,17.2462319298,67.48535753608883,0.43042570862030893,1.3136082042509947
COT,COT_NET,main,risk10,-22.21880370692376,30.348954515079196,11.146249216483792,-0.5074833716768687,119,45.98511611675958,9.101125007685003,36.35846315520957,0.21275503577927193,0.8936304125706901
COT,COT_PRICE,main,base,-45.2372609859659,68.07759826522891,21.983406566073583,-0.5740650156634698,99,44.737202755089854,8.750118853290003,25.27607574872382,0.42519388644896045,1.083992159908537
COT,COT_PRICE,main,cost_x2,-51.541209199843664,68.96869529039934,21.96635247319537,-0.7136706949483841,99,85.73023959539843,16.79083656326999,24.28474646022993,0.42382057729108746,1.0822502422336704
COT,COT_PRICE,main,delay1,-43.75806018229391,67.39631169978296,21.989658775556023,-0.5435208297260898,99,46.183256850299,9.052041894150006,26.1478399215124,0.4263711061111931,1.0936093625298056
COT,COT_PRICE,main,delay24,-40.69436860444833,67.91495040964142,22.30808303959791,-0.47302341992164776,99,44.91412822967315,8.810058574410006,25.210163359606334,0.4244543453272817,1.2873731817220186
COT,COT_PRICE,main,risk10,-28.061000341651432,43.298217928209716,10.961417957776224,-0.6956613802077801,99,28.78908877367686,5.606024535735003,15.934738992898213,0.20846891519154734,0.8881491836815762
COT,COT_SHORT,main,base,-50.696529849407845,56.14168389094076,21.771181113396,-0.7021361258033421,101,61.31729537432014,12.351371441055004,52.09890262130305,0.4254405623833552,1.086642493677805
COT,COT_SHORT,main,cost_x2,-54.10615372449558,57.77786112023159,21.597399566634618,-0.7924253062742389,101,117.90705852379249,23.766669486810006,49.61059486564513,0.4239971501114757,1.0822427655365896
COT,COT_SHORT,main,delay1,-51.74243476565073,56.81439682866558,21.52305472698067,-0.7375786932412675,101,60.43261218199234,12.179359369004986,50.85049299449376,0.42224371482503525,1.090127107898534
COT,COT_SHORT,main,delay24,-52.826681269624885,60.48098068419148,22.104123138406557,-0.7382809659289005,101,60.39483889349097,12.206550512609997,49.56993830985492,0.42608740583975935,1.3274134133889306
COT,COT_SHORT,main,risk10,-26.997140148444963,32.50771687286643,11.05831533938747,-0.6555344115809685,101,35.06703872513119,7.052179232520003,31.703807873203402,0.21083698272188783,0.8948804885938901
COT,COT_INV,recent,base,-3.971891544917683,31.956420165840104,23.666973149159293,-0.13955320413425712,15,11.341115791437495,2.2852704803249995,5.1121541225836244,0.5413601150890165,1.0295575633010192
COT,COT_INV,recent,cost_x2,-5.6149313625231345,32.40738105266634,23.69020013972925,-0.24858602232468852,15,22.540371689539118,4.549130962259999,5.088554226565709,0.541549862585204,1.030195378782132
COT,COT_INV,recent,delay1,-1.840916619382349,31.84470519248278,23.493092269803885,-0.0020053627214074257,15,11.64684220510519,2.3641223308950003,5.220866242175417,0.540483023570634,1.0279416150710592
COT,COT_INV,recent,delay24,-1.64014235164186,32.66525333784184,25.10212562955212,0.025339068803721238,15,12.08254797299979,2.466852918795,5.053059275376414,0.5392235809946558,1.06225891554625
COT,COT_INV,recent,risk10,-0.7296563418793034,16.81423022268159,11.563977536703025,-0.037616635296305635,15,6.097935501204677,1.2060863517749996,2.7518729341879022,0.26413603738132635,0.5512169171078841
COT,COT_NET,recent,base,-10.582010804187759,26.689141671486993,23.515541705678043,-0.5962588587871014,18,18.394967341011917,3.6066010437750005,4.13170644291062,0.5452047663228381,1.0392772653605196
COT,COT_NET,recent,cost_x2,-12.704995534385787,28.167935386255138,23.52451582923802,-0.749227030879774,18,36.539218086515035,7.17557434362,3.9473454862769786,0.5431500143866279,1.0615892737828205
COT,COT_NET,recent,delay1,-12.231245940197056,29.592747858689705,23.23789627428288,-0.7263893642773359,18,18.646845924361543,3.6455983011899993,4.1778950235806045,0.543156111893242,1.0282553439806355
COT,COT_NET,recent,delay24,-21.41558591243995,35.51681436835044,25.21586127401419,-1.3081749100316618,18,18.931225793676226,3.7168977952050004,4.477555964482192,0.5472787040881048,1.1334941925477282
COT,COT_NET,recent,risk10,-5.287479321202094,13.849896948434948,11.587341180722992,-0.6461855481404829,18,8.595981278874403,1.6928748375599996,2.0422589044165504,0.2659226983751842,0.5346033387413758
COT,COT_PRICE,recent,base,18.289682656642835,13.657067468994367,23.340944462950596,1.1964067827487952,16,16.907059256563272,3.3528423668699996,6.725299989859191,0.5405746741000734,0.9999152569201386
COT,COT_PRICE,recent,cost_x2,16.383710495389046,13.67211659552552,23.37901680432104,1.0904012164876222,16,33.21260769117134,6.552257024369999,6.67788856942773,0.5410736324133962,0.9995068022888645
COT,COT_PRICE,recent,delay1,20.706882438470807,12.910616943964893,23.144284277126836,1.335942510652285,16,16.53905917522329,3.2558311665299997,6.674603326459537,0.5410906136042489,0.9997668511401191
COT,COT_PRICE,recent,delay24,28.324555279015783,19.401607802176613,24.955217754693514,1.6248659997745463,16,16.588123817053475,3.293261435340001,6.068477842551029,0.5397163023227807,0.9995057400943014
COT,COT_PRICE,recent,risk10,8.271101114235435,6.737231346361705,11.334984381037863,1.109426713634325,16,7.7608664804985,1.51326041244,3.2038780352928367,0.2682005864870006,0.5514270191447401
COT,COT_SHORT,recent,base,-1.716437639354329,31.864127058425986,23.92853594041464,0.010709486591767596,15,17.802369429266136,3.5219105870699994,6.221811222795728,0.5448324652549782,1.0416318181762025
COT,COT_SHORT,recent,cost_x2,-3.139021133454234,32.36131204862557,23.948121468472305,-0.08054385187140639,15,35.413406441701255,7.01470771869,6.164054925848968,0.5456976382792278,1.0583657093220296
COT,COT_SHORT,recent,delay1,-5.313576300889411,33.39883225554622,23.791615225185577,-0.2258628429380428,15,17.572254827790093,3.4888674109950006,6.030976529894756,0.5431876418779097,1.082673392660764
COT,COT_SHORT,recent,delay24,-4.642227431339263,35.25039741838252,25.258703268310846,-0.1561833781400872,15,17.617221465343054,3.5037865204800003,6.252470672430857,0.5452942796878545,1.0837497990836242
COT,COT_SHORT,recent,risk10,-0.434651883025039,16.86146549839923,11.762424493514805,0.0030048122072247334,15,7.563368498170589,1.4851085696400002,2.6759288375604378,0.2683517345937613,0.5403560779988938
OPTIONS,OP_FUT,main,base,6.653489385046996,18.465048431202092,15.555638868320967,0.18100952804733558,42,41.79287485968802,7.360737602009994,8.343259712168415,0.21833628262398436,0.9999533213303741
OPTIONS,OP_FUT,main,cost_x2,0.20397038124875255,18.82776149999682,15.56693254272986,0.08090240990731243,42,80.97846680641864,14.30980139226,8.148803011164492,0.21834212482579624,0.9995264024577483
OPTIONS,OP_FUT,main,delay1,7.072860635103928,19.195483449903627,15.48049248406046,0.18748319768557722,42,41.74657185927961,7.368458407349997,8.2793676176718,0.21793273521027154,0.9995265211911406
OPTIONS,OP_FUT,main,delay24,1.3123042743144575,25.001630136194507,15.823757579322434,0.09936259397778588,42,41.68854212376782,7.457053634879999,8.28032390179552,0.21817868441854668,0.9997461756103999
OPTIONS,OP_FUT,main,risk10,1.433518741411488,9.831051068335617,7.774766211563601,0.08455218764269573,42,20.24448338680551,3.5667903033750012,4.017764404295792,0.10880260266514852,0.6284946399934106
OPTIONS,OP_FUT,main,rounding_minus,6.653489385046996,18.465048431202092,15.555638868320967,0.18100952804733558,42,41.79287485968802,7.360737602009994,8.343259712168415,0.21833628262398436,0.9999533213303741
OPTIONS,OP_FUT,main,rounding_plus,6.653489385046996,18.465048431202092,15.555638868320967,0.18100952804733558,42,41.79287485968802,7.360737602009994,8.343259712168415,0.21833628262398436,0.9999533213303741
OPTIONS,OP_INC,main,base,32.33673783745956,23.621282877963733,16.679447731874202,0.5030235501929422,55,56.518693665314665,9.885242867190009,10.849345707103268,0.24224044919981083,0.9995604712562585
OPTIONS,OP_INC,main,cost_x2,24.078763214265987,24.714662546903543,16.672299153614553,0.406614422708509,55,109.53393574021312,19.20213766248,10.600427345350065,0.24232962983554063,0.9991475538538125
OPTIONS,OP_INC,main,delay1,36.016586093766634,24.831735760310515,16.60052086693,0.5458559362123443,55,57.50345805669383,10.025959526039998,10.934137520403576,0.2422060394202029,0.9999522109329783
OPTIONS,OP_INC,main,delay24,21.43432477720353,28.825795083952986,16.83091519337097,0.3720703383380592,55,56.63647684649328,10.02434893987499,11.34467865840702,0.24221899157471932,0.9999079863241704
OPTIONS,OP_INC,main,risk10,13.030388123775483,13.346570242557032,8.561596089656842,0.40023737780384605,55,26.30103269594907,4.589950803360004,4.844941737063736,0.12072794610986859,0.6919927037921139
OPTIONS,OP_INC,main,rounding_minus,12.315137375510865,26.41793292021335,16.9823823571528,0.2557747004514794,55,49.64989135759623,8.615583429734992,9.084856642440005,0.2447169786171463,0.9997844246668777
OPTIONS,OP_INC,main,rounding_plus,33.34352298530347,23.167953595594636,16.677134902424267,0.5144229701466723,55,57.05311693875492,9.958045225140008,10.903741416932572,0.24259983628567883,0.9991226905579639
OPTIONS,OP_INV,main,base,-32.34477893800434,40.61167363899559,15.950898483380202,-0.5320898443880284,55,32.402495415012474,7.3507056499950005,48.615156584964204,0.2295543820004867,1.039891374866164
OPTIONS,OP_INV,main,cost_x2,-34.801666479739744,42.75436325567399,16.021938184075257,-0.5867331401302188,55,64.0970818016236,14.57702711088,47.3450951151042,0.22948884198693353,1.0508939213185386
OPTIONS,OP_INV,main,delay1,-33.27402460397531,41.34939650568287,15.83141697817628,-0.5590879366565475,55,32.29444043845291,7.324421008035002,48.34724150673466,0.22896175734315644,1.0459734462659962
OPTIONS,OP_INV,main,delay24,-27.57334969336309,34.4363166155217,16.23654669411299,-0.41476407228634965,55,32.07727564579229,7.388161641420003,49.12400915358602,0.2289663930868463,1.0138867921155312
OPTIONS,OP_INV,main,risk10,-12.327975786457735,18.339119900480217,8.111676628175179,-0.36471310197937373,55,17.167937495131667,3.8859842490599994,28.003233279616833,0.11191482827897331,0.6772652881879689
OPTIONS,OP_INV,main,rounding_minus,-19.621358990079894,35.3022313202869,16.396733961211,-0.2508416870791113,55,37.24487950092669,8.582134630605005,57.702597130737196,0.23634040438370724,1.0516764432561858
OPTIONS,OP_INV,main,rounding_plus,-32.44779939001421,40.65774516647308,15.937900365019484,-0.5350465492066593,55,32.23636214665449,7.312177795050001,48.615941041560625,0.22935438887302956,1.042469022647897
OPTIONS,OP_PRICE,main,base,-13.885433875774611,31.302508667483554,12.97488958297667,-0.22305620962103023,19,19.44645898847638,2.982981229725001,0.1602939604558847,0.1585143743692564,0.9994650122827273
OPTIONS,OP_PRICE,main,cost_x2,-16.339623055379615,31.933699941173323,12.967564237757099,-0.27894552639259645,19,38.14205727067281,5.853329243579999,0.1602939604558847,0.15833361950471117,0.9995291344679986
OPTIONS,OP_PRICE,main,delay1,-14.82277366872099,32.22586000950308,12.906325821403735,-0.2461049948419105,19,19.25982884779827,2.9518776919650005,0.15707495255430548,0.15846129495121622,0.9989049194367023
OPTIONS,OP_PRICE,main,delay24,-15.716164447919889,33.53552150536041,13.093811100011171,-0.2607711314561538,19,18.805215197784904,2.8771810186050013,0.256851037191544,0.1585941984257427,0.9993384474669211
OPTIONS,OP_PRICE,main,risk10,-7.706348127235785,16.170564115693242,6.419202766013384,-0.2800357697742018,19,10.169524963996361,1.5584998809900004,0.08383597262887697,0.07890567879040296,0.6274230261588621
OPTIONS,OP_PRICE,main,rounding_minus,-13.885433875774611,31.302508667483554,12.97488958297667,-0.22305620962103023,19,19.44645898847638,2.982981229725001,0.1602939604558847,0.1585143743692564,0.9994650122827273
OPTIONS,OP_PRICE,main,rounding_plus,-13.885433875774611,31.302508667483554,12.97488958297667,-0.22305620962103023,19,19.44645898847638,2.982981229725001,0.1602939604558847,0.1585143743692564,0.9994650122827273
OPTIONS,OP_FUT,recent,base,-5.382863547771544,11.143301803108919,8.621633061855757,-0.9210217352966005,3,2.8259739897113256,0.45383613691499997,0.03830014891108166,0.07323768560404305,0.9421385792766932
OPTIONS,OP_FUT,recent,cost_x2,-5.70098330257458,11.284033692782758,8.64697498815218,-0.9765556714516541,3,5.64526971968706,0.90666835497,0.03830014891108166,0.07325837153207085,0.9422341219007128
OPTIONS,OP_FUT,recent,delay1,-6.019439745170918,11.957665050618427,8.736769953223682,-1.0237661055675698,3,2.8141213017299505,0.4521932988900001,0.03830014891108166,0.0732119945629708,0.942589710202406
OPTIONS,OP_FUT,recent,delay24,-2.4564363110514242,10.539035290916098,8.542540262744074,-0.3948283722082519,3,2.866817495734356,0.4606826259450001,0.03798271116557478,0.07050599781880947,0.9437465382610589
OPTIONS,OP_FUT,recent,risk10,-2.7022627390787757,5.729883779565026,4.331532882773194,-0.9283562512227531,3,1.3885989452263252,0.21826966186500002,0.012766716303693883,0.035697006227528104,0.48139908036103063
OPTIONS,OP_FUT,recent,rounding_minus,-5.382863547771544,11.143301803108919,8.621633061855757,-0.9210217352966005,3,2.8259739897113256,0.45383613691499997,0.03830014891108166,0.07323768560404305,0.9421385792766932
OPTIONS,OP_FUT,recent,rounding_plus,-5.382863547771544,11.143301803108919,8.621633061855757,-0.9210217352966005,3,2.8259739897113256,0.45383613691499997,0.03830014891108166,0.07323768560404305,0.9421385792766932
OPTIONS,OP_INC,recent,base,-13.820088358312043,19.075014399846545,12.48281120477783,-1.7264259616461894,2,2.466769503315255,0.370012379805,0.0,0.0852806067188106,0.9421385792766932
OPTIONS,OP_INC,recent,cost_x2,-14.084600262251822,19.1711250346965,12.500865791174606,-1.7606606444210016,2,4.9270732945283,0.73904882799,0.0,0.0852888867973809,0.9422341219007128
OPTIONS,OP_INC,recent,delay1,-13.336376603301392,19.239626041015654,12.601757959616597,-1.6423024155924812,2,2.476415973583591,0.37145945943,0.0,0.08520838237689604,0.942589710202406
OPTIONS,OP_INC,recent,delay24,-9.628392499461192,19.416112992291946,13.483131023161713,-1.0602352140462017,2,2.6514909499068757,0.397721544705,0.0,0.08395235961839015,0.9437465382610589
OPTIONS,OP_INC,recent,risk10,-6.934469514359176,10.155371534070445,6.487283102402943,-1.6313227816208167,2,1.260567627156585,0.189083616435,0.0,0.043105999612029766,0.48139908036103063
OPTIONS,OP_INC,recent,rounding_minus,-13.820088358312043,19.075014399846545,12.48281120477783,-1.7264259616461894,2,2.466769503315255,0.370012379805,0.0,0.0852806067188106,0.9421385792766932
OPTIONS,OP_INC,recent,rounding_plus,-9.839329971498245,15.339928756257326,11.793901107337309,-1.2596380725225353,3,3.710974985052091,0.55664412993,0.0,0.06635116394929401,0.9421385792766932
OPTIONS,OP_INV,recent,base,15.81012519700915,6.7671568245504465,12.291896720551163,1.854756701234668,2,1.2364118882800001,0.37092711,2.218990968370644,0.08300897717535254,1.0018651566549155
OPTIONS,OP_INV,recent,cost_x2,15.649393659525156,6.789482796848645,12.301257686616175,1.8364691288169104,2,2.4728001531199997,0.74185422,2.218990968370644,0.08307412028137333,1.0024873129785545
OPTIONS,OP_INV,recent,delay1,14.877146349055126,6.7812747385762595,12.446110750986097,1.7356619337740322,2,1.2384031878200004,0.37152429,2.218990968370644,0.0831702875926102,1.0043034815037208
OPTIONS,OP_INV,recent,delay24,9.94162505151781,7.166176997231,13.312928949484476,1.1355547588709778,2,1.3080365121075002,0.392413185,1.9448002122855235,0.08238827022219862,1.0498847475797095
OPTIONS,OP_INV,recent,risk10,6.438291586875811,3.2877987991867585,6.461105080915365,1.482780469501036,2,0.5852566919000001,0.17557845,1.0357510106581642,0.03880470084862924,0.48949601423106587
OPTIONS,OP_INV,recent,rounding_minus,15.81012519700915,6.7671568245504465,12.291896720551163,1.854756701234668,2,1.2364118882800001,0.37092711,2.218990968370644,0.08300897717535254,1.0018651566549155
OPTIONS,OP_INV,recent,rounding_plus,10.268820337868355,6.7671568245504465,11.84288792827316,1.2983437363582153,3,1.8731218321900003,0.56193888,1.5524640908729253,0.06427850598392251,1.0018651566549155
OPTIONS,OP_PRICE,recent,base,-2.3393062531071984,10.581469912910023,9.394838647342812,-0.3317371514244142,2,2.3992355371876655,0.38982604279500005,0.03830014891108166,0.09069405401514338,0.9421019560425286
OPTIONS,OP_PRICE,recent,cost_x2,-2.6129242091016636,10.66969410713603,9.382013783771487,-0.37722846097015134,2,4.7913610887278395,0.7785847511999999,0.03830014891108166,0.0907106226320067,0.9417027023490275
OPTIONS,OP_PRICE,recent,delay1,-3.1069788306139157,11.428011597974352,9.529972851581416,-0.4500548225415318,2,2.393098266964955,0.38904048808499997,0.03830014891108166,0.09075389703824507,0.9423082069533175
OPTIONS,OP_PRICE,recent,delay24,-2.7434101400105493,10.533107237055283,9.379948355467379,-0.39876898640523245,2,2.2193353834857747,0.363560227785,0.03798271116557478,0.0897100303807521,0.9432156945779951
OPTIONS,OP_PRICE,recent,risk10,-1.1806284785822463,5.259639319083654,4.690051033883768,-0.3570136568124115,2,1.09450586720594,0.17415603492,0.012766716303693883,0.04423580606499781,0.481312196701881
OPTIONS,OP_PRICE,recent,rounding_minus,-2.3393062531071984,10.581469912910023,9.394838647342812,-0.3317371514244142,2,2.3992355371876655,0.38982604279500005,0.03830014891108166,0.09069405401514338,0.9421019560425286
OPTIONS,OP_PRICE,recent,rounding_plus,-2.3393062531071984,10.581469912910023,9.394838647342812,-0.3317371514244142,2,2.3992355371876655,0.38982604279500005,0.03830014891108166,0.09069405401514338,0.9421019560425286
