strategy,period,scenario,return_pct,max_drawdown_pct,realized_vol_pct,sharpe,round_trips,fees,impact,funding,mean_exposure,max_exposure
V_HAR,main,base,44.53353743484691,11.230253158668946,11.124746866046157,0.8826884996474745,22,42.50865663614891,6.376309615380001,0.0,0.16637344836998066,0.6173941082384887
V_HAR,main,cost_x2,39.03863314776799,11.88702181015524,11.119792910422909,0.795932372680173,22,83.23985832367265,12.486022498650007,0.0,0.1663630049392045,0.6172489200664911
V_HAR,main,delay1,43.62687446352271,11.242696703248157,11.107422399644719,0.869724037130481,22,42.75316499346571,6.412985671305,0.0,0.16680919913336964,0.6172781189774206
V_HAR,main,delay24,34.69259545298784,12.587358311312913,11.426943284750253,0.7080749747130645,22,41.76742233352513,6.2651222365949994,0.0,0.16674987988568205,0.6164822336157301
V_HAR,main,risk10,20.27524179209339,5.8349107639702025,5.713198152278279,0.8358388276648033,22,15.55641331705527,2.3334669620100006,0.0,0.08504700656508725,0.30326155648527553
V_RV20,main,base,57.637917871404596,11.902987094744688,12.263920772419747,0.9883054493426601,22,40.07065676573283,6.01061252022,0.0,0.18349122296711598,0.7926206836476641
V_RV20,main,cost_x2,52.610677205705,12.241817149954814,12.246983714659706,0.9233648788434677,22,78.65238117636045,11.797912666589998,0.0,0.18347001542417057,0.7956976914653663
V_RV20,main,delay1,53.72602333723287,12.539720718456337,12.256356793126729,0.9376099266670623,22,39.37143662659022,5.90572860108,0.0,0.1836514245299466,0.7924128363082862
V_RV20,main,delay24,40.388127680778176,16.367994562560785,12.366193544815559,0.7469846848450279,22,38.46170713886247,5.769266153354999,0.0,0.18402658968011812,0.7944115593069839
V_RV20,main,risk10,28.09265298537955,6.075454700628924,6.2964229758402475,1.0138365910739484,22,15.903967316385145,2.385601829820001,0.0,0.09315998415403844,0.40769135008381624
V_SRV,main,base,50.26440688883147,11.34788049514336,11.325417823319638,0.9547820519374012,22,49.3695808041351,7.405449707549997,0.0,0.16900579362821516,0.6331975786289663
V_SRV,main,cost_x2,43.42791337930127,12.063542843703834,11.324504560581834,0.8521028680432653,22,96.31927752418878,14.44794068280001,0.0,0.16900845803707945,0.6325900523724479
V_SRV,main,delay1,48.168442468325054,11.35338328058525,11.306923332119053,0.9251197491452912,22,49.15114096266266,7.372683254084997,0.0,0.1689722499723587,0.6318259711162314
V_SRV,main,delay24,34.92140203643777,12.827325996147266,11.651136660345696,0.7003078889317639,22,47.55860717193587,7.133800163685002,0.0,0.1687947874520046,0.628469331020713
V_SRV,main,risk10,21.797105825015883,5.815988644937875,5.79534483741589,0.879007660254751,22,18.347711974560138,2.7521621752799996,0.0,0.08536027519491175,0.31841787146246125
V_HAR,recent,base,0.9414493148373282,1.8567986600857789,2.8890252521151663,0.5016074619116972,3,1.7677646904865805,0.26516496114,0.0,0.03510155462496816,0.465795170719402
V_HAR,recent,cost_x2,0.7390276541274776,1.8564111398054584,2.8713960108640024,0.3995024969623972,3,3.53238854608536,0.52985931264,0.0,0.035116208720052056,0.4656979576617837
V_HAR,recent,delay1,0.765275850469016,1.8535320648651266,2.79193973194908,0.42409204111957477,3,1.7662112847147453,0.264931910595,0.0,0.03506057436508883,0.4649757150017821
V_HAR,recent,delay24,-0.9325337883500651,2.7720072532164797,2.655406595554378,-0.5166806481026451,3,1.75333673735012,0.26300034615,0.0,0.0338784520563246,0.4592861905254608
V_HAR,recent,risk10,0.5123489268006987,0.9335415697490745,1.4393808522943754,0.5404730370739896,3,0.7954117357680652,0.11931189622500002,0.0,0.01744334169825056,0.23418756389820022
V_RV20,recent,base,1.2922389481480279,2.0936874662398575,3.572558941585132,0.5576375139050244,3,2.29630066812966,0.3444454503900001,0.0,0.04034388032882715,0.5252209255284671
V_RV20,recent,cost_x2,1.026889103294959,2.09478352196365,3.5507668526517184,0.4498780553554573,3,4.59257110219048,0.6888870648600001,0.0,0.04035420434446948,0.5254958812756633
V_RV20,recent,delay1,0.9613274878101707,2.0907034236710365,3.352868286259466,0.44534467589111576,3,2.2940044749929553,0.344100946905,0.0,0.040307423211483895,0.524472350764995
V_RV20,recent,delay24,-1.115503491820713,3.0433701321052165,2.982468115952763,-0.5500217470915025,3,2.2683657482621755,0.34025466994500003,0.0,0.038877148111747084,0.5193451582157058
V_RV20,recent,risk10,0.7079659331522326,1.0543001052552348,1.7624660564308776,0.6100217994729671,3,1.0875843313427749,0.16313783713500002,0.0,0.019842434205586408,0.26448096289242035
V_SRV,recent,base,0.8881032876068451,1.8610122522776162,2.8342610802671517,0.48273638955861975,3,1.7267442429816504,0.25901188095000005,0.0,0.03498133554821284,0.4668521894132036
V_SRV,recent,cost_x2,0.6847303733649612,1.8606390095413872,2.8149489433206325,0.3781803670093062,3,3.4504449504101604,0.5175677159400001,0.0,0.034977214070797846,0.4667585580099871
V_SRV,recent,delay1,0.7507249733862187,1.8601788489298499,2.7619453976917767,0.42054450330989207,3,1.7265498717826553,0.258982694355,0.0,0.03493887293030775,0.46664312245134176
V_SRV,recent,delay24,-0.9152195938259444,2.735576338868606,2.647933510530951,-0.5083002020539352,3,1.7111019129643352,0.256665125295,0.0,0.033586984930423294,0.4608436623078454
V_SRV,recent,risk10,0.4749820890495915,0.9339198775023871,1.410542191621893,0.5116373000071656,3,0.8020171146788951,0.120302694825,0.0,0.01732605797875237,0.23428246590794355
