strategy,period,scenario,return_pct,max_drawdown_pct,realized_vol_pct,sharpe,round_trips,fees,impact,funding,mean_exposure,usd_translation_return_pct
PG_INFO,main,base,52.32721886774569,13.74874913550591,13.325314347951014,0.855344743960527,23,47.771469141591325,7.165733380949998,0.0,0.19619523254402435,52.09722776636552
PG_INFO,main,cost_x2,46.35970671066336,14.438788785762323,13.345205798431628,0.7794380067580129,23,93.81904370378874,14.072907989579994,0.0,0.19636969381016756,46.13872565163617
PG_INFO,main,data_delay24,52.8387132247115,13.561952026088653,13.34362053507505,0.8606313322989437,22,47.68811176542892,7.1532298874550015,0.0,0.19647200067085735,52.60794984408026
PG_INFO,main,delay1,49.716256528290636,13.576759277453698,13.332214454995677,0.8225713064700345,23,47.36107965692712,7.104174360165002,0.0,0.19602337445460533,49.490207585827164
PG_INFO,main,delay24,35.09643700257461,16.47716142190676,13.43668907075867,0.6261702759077418,23,45.42547948014792,6.813830994104999,0.0,0.1967565508640782,34.89246178022296
PG_INFO,main,risk10,23.798204065389506,7.456209199509223,6.852851076439268,0.8124889035491317,23,18.64309374705936,2.796469899045,0.0,0.09997161835088637,23.61128746891041
PG_INV,main,base,53.46578958267516,13.433297276439637,13.601917694066207,0.8543450948250652,33,55.666310002675104,8.349959970569998,0.0,0.19940855442815858,53.23407941142244
PG_INV,main,cost_x2,45.93933573463191,14.13637444124458,13.585278068939601,0.7627311674765446,33,107.96359429047409,16.19459166321,0.0,0.19921025280375543,45.71898937230885
PG_INV,main,data_delay24,44.675483216293266,13.561551172235687,13.77755548976608,0.7382781686385829,28,49.074592969806204,7.3612002672599965,0.0,0.19872334992014629,44.45704508045025
PG_INV,main,delay1,56.72100928173924,13.081402589616086,13.629635020392719,0.8913747958635662,33,57.06908673366646,8.560377248939997,0.0,0.19927800077728788,56.48438422022997
PG_INV,main,delay24,44.620675290878566,16.471567102431784,13.743914989595416,0.7389955394108121,33,56.00511721950262,8.400779071709998,0.0,0.19981443478831543,44.40231990672776
PG_INV,main,risk10,24.24120796428568,7.459308022112632,6.978037702312219,0.8119377370906161,33,22.356225586438235,3.353439870704998,0.0,0.10148926835362186,24.05362249880614
PG_PRICE,main,base,53.55731350619632,13.231359904758545,13.318723831972193,0.8707933629050885,26,49.246860185544364,7.387042352490001,0.0,0.19554804165100537,53.32546514763783
PG_PRICE,main,cost_x2,47.416922262613625,13.953597039483235,13.338840094283885,0.7932304088176356,26,96.64725956142581,14.497141612439991,0.0,0.19572004828195097,47.194344967726565
PG_PRICE,main,data_delay24,46.947767886063005,13.558365447394138,13.304122830473741,0.7889607743764254,33,52.02456315650923,7.80369638286,0.0,0.19421663322692476,46.725898943449316
PG_PRICE,main,delay1,51.141864881914636,13.08106028067093,13.326544271094095,0.8406359960343153,26,48.8995906162214,7.334951364629998,0.0,0.19541433163646454,50.91366348608253
PG_PRICE,main,delay24,36.75471315490044,16.472489989660623,13.432055586904054,0.6490370083297646,26,47.022486490849936,7.053382460144997,0.0,0.1960794369408866,36.548234185933424
PG_PRICE,main,risk10,23.823284099415588,7.463796584875992,6.877277030737002,0.8105840582910319,26,19.438342471858903,2.915757233984999,0.0,0.10014957829405056,23.63632963587181
PG_SHORT,main,base,49.09317162203073,14.08414558310227,13.596092444122021,0.8015731633608831,35,50.61827001670014,8.142148028220005,0.4363466652277048,0.1992389682127733,48.86806344369929
PG_SHORT,main,cost_x2,42.63995876606028,14.805790172544919,13.57736244588757,0.7210592944163534,35,98.51891292319492,15.863881305659998,0.42499348945532145,0.19899433391193705,42.42459396480367
PG_SHORT,main,data_delay24,58.737764869618346,13.564250778470832,13.702835362830623,0.9106654432523098,29,51.4032772202697,8.01772139532,0.026696911773467114,0.19862349616621616,58.49809481167101
PG_SHORT,main,delay1,41.87764520580932,14.761337941950481,13.647841334157462,0.7082323505180818,35,48.83724407071248,7.86716236065,0.42499348945532145,0.1990526596728304,41.66343138293085
PG_SHORT,main,delay24,24.21389233019271,16.468858200587754,13.753851637125662,0.4623726716726909,35,45.52805288530403,7.379973353400002,0.5604995406322344,0.19962085966433668,24.026348107196416
PG_SHORT,main,risk10,22.708111219822147,7.455760765320251,6.968260220975557,0.7684647160837922,35,20.421629243737463,3.3179413684199996,0.20016261037920546,0.1014663836156591,22.522840498952302
PG_TREND,main,base,52.8387132247115,13.561952026088653,13.34362053507505,0.8606313322989437,22,47.68811176542892,7.1532298874550015,0.0,0.19647200067085735,52.60794984408026
PG_TREND,main,cost_x2,46.57513140652112,14.232740755996831,13.326553374645139,0.7831013489412699,22,92.88496991615143,13.932797018639999,0.0,0.19629084713096714,46.35382508872905
PG_TREND,main,data_delay24,52.8387132247115,13.561952026088653,13.34362053507505,0.8606313322989437,22,47.68811176542892,7.1532298874550015,0.0,0.19647200067085735,52.60794984408026
PG_TREND,main,delay1,50.56225863501766,13.088199497389041,13.329663084120458,0.8332673547620262,22,47.203009784291,7.080464065529996,0.0,0.19612215077695178,50.334932357106574
PG_TREND,main,delay24,35.4876516933994,16.478999708862418,13.436728336901693,0.6315466468558644,22,45.1809942714996,6.777158294505001,0.0,0.1968613183164218,35.28308579593211
PG_TREND,main,risk10,24.26802284126035,7.457816399852735,6.8692513383846325,0.8244883538315702,22,18.801875948341245,2.8202873390549996,0.0,0.10018917808472329,24.08039688936523
PG_INFO,recent,base,0.8908120204031755,1.6833175521597465,3.148198658417344,0.4388303655276,3,2.070601601703155,0.310590494265,0.0,0.0404687751732145,0.9958866200899585
PG_INFO,recent,cost_x2,0.6501080174859064,1.6833808008153373,3.1355119746136766,0.3260507467581002,3,4.131942532510941,0.6197923926300001,0.0,0.040466175702162835,0.7549319315429015
PG_INFO,recent,data_delay24,0.8908120204031755,1.6833175521597465,3.148198658417344,0.4388303655276,3,2.070601601703155,0.310590494265,0.0,0.0404687751732145,0.9958866200899585
PG_INFO,recent,delay1,0.6509848055715084,1.680731478193176,3.0170615570658135,0.3380929719864604,3,2.0677268211398854,0.31015922314500005,0.0,0.04043546941441196,0.7558096327756614
PG_INFO,recent,delay24,-1.3517334224317445,3.3462059942295674,2.9237683102685668,-0.6845550984445523,3,2.097669368852205,0.314650155465,0.0,0.04006516321242462,-1.2489943631174394
PG_INFO,recent,risk10,0.5271452825321266,0.8449198742681463,1.5155273790049262,0.5286417551884481,3,0.978425505003655,0.146763969675,0.0,0.019366824611596455,0.631841134777611
PG_INV,recent,base,0.8908120204031755,1.6833175521597465,3.148198658417344,0.4388303655276,3,2.070601601703155,0.310590494265,0.0,0.0404687751732145,0.9958866200899585
PG_INV,recent,cost_x2,0.6501080174859064,1.6833808008153373,3.1355119746136766,0.3260507467581002,3,4.131942532510941,0.6197923926300001,0.0,0.040466175702162835,0.7549319315429015
PG_INV,recent,data_delay24,0.8908120204031755,1.6833175521597465,3.148198658417344,0.4388303655276,3,2.070601601703155,0.310590494265,0.0,0.0404687751732145,0.9958866200899585
PG_INV,recent,delay1,0.6509848055715084,1.680731478193176,3.0170615570658135,0.3380929719864604,3,2.0677268211398854,0.31015922314500005,0.0,0.04043546941441196,0.7558096327756614
PG_INV,recent,delay24,-1.3517334224317445,3.3462059942295674,2.9237683102685668,-0.6845550984445523,3,2.097669368852205,0.314650155465,0.0,0.04006516321242462,-1.2489943631174394
PG_INV,recent,risk10,0.5271452825321266,0.8449198742681463,1.5155273790049262,0.5286417551884481,3,0.978425505003655,0.146763969675,0.0,0.019366824611596455,0.631841134777611
PG_PRICE,recent,base,0.8908120204031755,1.6833175521597465,3.148198658417344,0.4388303655276,3,2.070601601703155,0.310590494265,0.0,0.0404687751732145,0.9958866200899585
PG_PRICE,recent,cost_x2,0.6501080174859064,1.6833808008153373,3.1355119746136766,0.3260507467581002,3,4.131942532510941,0.6197923926300001,0.0,0.040466175702162835,0.7549319315429015
PG_PRICE,recent,data_delay24,0.8908120204031755,1.6833175521597465,3.148198658417344,0.4388303655276,3,2.070601601703155,0.310590494265,0.0,0.0404687751732145,0.9958866200899585
PG_PRICE,recent,delay1,0.6509848055715084,1.680731478193176,3.0170615570658135,0.3380929719864604,3,2.0677268211398854,0.31015922314500005,0.0,0.04043546941441196,0.7558096327756614
PG_PRICE,recent,delay24,-1.3517334224317445,3.3462059942295674,2.9237683102685668,-0.6845550984445523,3,2.097669368852205,0.314650155465,0.0,0.04006516321242462,-1.2489943631174394
PG_PRICE,recent,risk10,0.5271452825321266,0.8449198742681463,1.5155273790049262,0.5286417551884481,3,0.978425505003655,0.146763969675,0.0,0.019366824611596455,0.631841134777611
PG_SHORT,recent,base,0.8908120204031755,1.6833175521597465,3.148198658417344,0.4388303655276,3,2.070601601703155,0.310590494265,0.0,0.0404687751732145,0.9958866200899585
PG_SHORT,recent,cost_x2,0.6501080174859064,1.6833808008153373,3.1355119746136766,0.3260507467581002,3,4.131942532510941,0.6197923926300001,0.0,0.040466175702162835,0.7549319315429015
PG_SHORT,recent,data_delay24,0.8908120204031755,1.6833175521597465,3.148198658417344,0.4388303655276,3,2.070601601703155,0.310590494265,0.0,0.0404687751732145,0.9958866200899585
PG_SHORT,recent,delay1,0.6509848055715084,1.680731478193176,3.0170615570658135,0.3380929719864604,3,2.0677268211398854,0.31015922314500005,0.0,0.04043546941441196,0.7558096327756614
PG_SHORT,recent,delay24,-1.3517334224317445,3.3462059942295674,2.9237683102685668,-0.6845550984445523,3,2.097669368852205,0.314650155465,0.0,0.04006516321242462,-1.2489943631174394
PG_SHORT,recent,risk10,0.5271452825321266,0.8449198742681463,1.5155273790049262,0.5286417551884481,3,0.978425505003655,0.146763969675,0.0,0.019366824611596455,0.631841134777611
PG_TREND,recent,base,0.8908120204031755,1.6833175521597465,3.148198658417344,0.4388303655276,3,2.070601601703155,0.310590494265,0.0,0.0404687751732145,0.9958866200899585
PG_TREND,recent,cost_x2,0.6501080174859064,1.6833808008153373,3.1355119746136766,0.3260507467581002,3,4.131942532510941,0.6197923926300001,0.0,0.040466175702162835,0.7549319315429015
PG_TREND,recent,data_delay24,0.8908120204031755,1.6833175521597465,3.148198658417344,0.4388303655276,3,2.070601601703155,0.310590494265,0.0,0.0404687751732145,0.9958866200899585
PG_TREND,recent,delay1,0.6509848055715084,1.680731478193176,3.0170615570658135,0.3380929719864604,3,2.0677268211398854,0.31015922314500005,0.0,0.04043546941441196,0.7558096327756614
PG_TREND,recent,delay24,-1.3517334224317445,3.3462059942295674,2.9237683102685668,-0.6845550984445523,3,2.097669368852205,0.314650155465,0.0,0.04006516321242462,-1.2489943631174394
PG_TREND,recent,risk10,0.5271452825321266,0.8449198742681463,1.5155273790049262,0.5286417551884481,3,0.978425505003655,0.146763969675,0.0,0.019366824611596455,0.631841134777611
