strategy,period,scenario,return_pct,max_drawdown_pct,realized_vol_pct,sharpe,round_trips,core_round_trips,fees,impact,funding,mean_exposure,mean_core_exposure,max_exposure,min_adverse_margin_ratio,margin_buffer_breach_hours
RC_BLEND,main,base,68.68874391760687,12.814339343318082,13.680633021675664,1.022982850499129,4,22,41.60282372510112,8.062426420139998,106.5727767213142,0.8103935787337841,0.1995863278643414,0.9997898382603493,1.1619086623024124,0
RC_BLEND,main,cost_x2,58.578018744356264,13.297935685601114,13.653690294898595,0.9116194576458393,4,22,84.12979408248962,15.991104034800003,102.61756496085606,0.8075689752598008,0.19986532613452976,0.9993907410228744,1.1133544736965708,0
RC_BLEND,main,delay1,60.39278561790147,13.037137005007505,13.747826847568238,0.9270201721460144,4,22,42.39849515868089,8.082507942585003,102.7139581802857,0.8085101944720681,0.20044383464334556,0.9998910690322574,1.1110746037360577,0
RC_BLEND,main,delay24,48.516856576509596,16.212317403619593,13.829070445548716,0.7833866987873277,4,22,42.20783309308261,8.033761976400003,99.54476503458605,0.8095534941542306,0.20119383508854294,1.000727858332663,0.9560317674494148,0
RC_BLEND,main,funding_haircut50,56.87102864118396,12.98106401066217,13.744909718978715,0.8868085324858578,4,22,41.625399746948304,7.885764870030004,45.80211962882007,0.8122225990857705,0.20083468199459245,0.9996397274596587,1.0871090233495682,0
RC_BLEND,main,risk10,37.866844952551126,6.9605439758888,6.890355074945774,1.1987580027783973,2,20,18.451948664680693,3.5937143885249996,115.99243047871946,0.7989525304397199,0.10164508266096617,0.9563771120153819,1.0853196838186814,0
RC_CARRY,main,base,11.399745275061557,0.8261195228906892,0.25879351323732736,10.423206974073894,2,0,5.378972643642,1.0757663655,121.14860175975845,0.7865209326931778,0.0,0.9884586707485445,0.9726096845978159,0
RC_CARRY,main,cost_x2,10.573055997216851,0.8283581265321249,0.2811737418298595,8.93190802158633,2,0,11.860094630142003,2.3719801920000005,120.74243479430947,0.7852866024568118,0.0,0.9905524641590162,0.966068371285044,0
RC_CARRY,main,delay1,11.380881686771538,0.8262084186092644,0.25880425284314257,10.406425972913512,2,0,5.115602319380998,1.0230986835,120.62046787059437,0.780954671401027,0.0,0.9930217303214178,0.972021453399967,0
RC_CARRY,main,delay24,11.389372245722008,0.8262027542722206,0.2597684552464455,10.375140838063931,2,0,5.390614983338001,1.0780959135,121.03492335405899,0.7860816470788416,0.0,0.9885597119540537,0.9724116049955714,0
RC_CARRY,main,funding_haircut50,4.71547542720705,0.8429375064499256,0.21724271639085016,5.299987743205828,2,0,5.4448245722549995,1.0889264775000003,54.16003532182469,0.7792575859539461,0.0,1.0000904828131434,0.9572779389525086,0
RC_CARRY,main,risk10,11.399745275061557,0.8261195228906892,0.25879351323732736,10.423206974073894,2,0,5.378972643642,1.0757663655,121.14860175975845,0.7865209326931778,0.0,0.9884586707485445,0.9726096845978159,0
RC_TREND,main,base,52.8387132247115,13.561952026088653,13.34362053507505,0.8606313322989437,22,22,47.68811176542892,7.1532298874550015,0.0,0.19647200067085735,0.19647200067085735,0.9995440539721018,,0
RC_TREND,main,cost_x2,46.57513140652112,14.232740755996831,13.326553374645139,0.7831013489412699,22,22,92.88496991615143,13.932797018639999,0.0,0.19629084713096714,0.19629084713096714,0.999816803717981,,0
RC_TREND,main,delay1,50.56225863501766,13.088199497389041,13.329663084120458,0.8332673547620262,22,22,47.203009784291,7.080464065529996,0.0,0.19612215077695178,0.19612215077695178,0.9993048457927433,,0
RC_TREND,main,delay24,35.4876516933994,16.478999708862418,13.436728336901693,0.6315466468558644,22,22,45.1809942714996,6.777158294505001,0.0,0.1968613183164218,0.1968613183164218,0.99968839775908,,0
RC_TREND,main,funding_haircut50,52.8387132247115,13.561952026088653,13.34362053507505,0.8606313322989437,22,22,47.68811176542892,7.1532298874550015,0.0,0.19647200067085735,0.19647200067085735,0.9995440539721018,,0
RC_TREND,main,risk10,24.26802284126035,7.457816399852735,6.8692513383846325,0.8244883538315702,22,22,18.801875948341245,2.8202873390549996,0.0,0.10018917808472329,0.10018917808472329,0.5322946806439373,,0
RC_BLEND,recent,base,1.2382755551547664,1.6849389380059532,3.192726868440193,0.5949042107028367,2,3,3.037873256570436,0.6067980945150001,6.0356298026341,0.773474079178287,0.040778296610423086,0.934456258366594,1.1284837910909251,0
RC_BLEND,recent,cost_x2,0.9151531270475077,1.7052952685809197,3.206656899625362,0.44270609767611274,2,3,6.45717317031602,1.2938089481700004,5.996340088961224,0.7720722946497298,0.04101955071632208,0.907115226592639,1.1895579472537003,0
RC_BLEND,recent,delay1,0.9761608694262014,1.7202907400601486,3.066739154722532,0.49109541125499223,2,3,3.07271881693388,0.6240032383799999,5.996989949577248,0.7720258267577738,0.040653954268984036,0.9344717830618446,1.1284484164003574,0
RC_BLEND,recent,delay24,-0.8843831375206501,2.7538789308694134,2.9435002787535463,-0.4385979786254728,2,3,3.217523296335685,0.6461907609450002,6.004720582074681,0.772049451994458,0.03984204542018762,0.9542882783430525,1.0900954004837653,0
RC_BLEND,recent,funding_haircut50,0.8566434276580104,1.670319041031021,3.215683152152884,0.41446102805907514,2,3,3.22846599152206,0.6468862417500002,1.541566909851515,0.7722552404576364,0.04103016917653679,0.9073357375500328,1.1890256606727616,0
RC_BLEND,recent,risk10,0.9701141369421462,0.8464774457624058,1.606161516972552,0.9108807617422201,2,3,2.54685531995595,0.49802875212000003,6.2967484414983215,0.7655538466732521,0.021006432661866373,0.934456258366594,1.1284837910909251,0
RC_CARRY,recent,base,0.4185073979850795,0.24883423442282337,0.1901580095648648,3.299865902838672,2,0,1.8698757994785002,0.373946991,6.476536770329922,0.7739663681089862,0.0,0.947637202617588,1.104764127404324,0
RC_CARRY,recent,cost_x2,0.19735782199088447,0.3066775643255859,0.2831187424599898,1.0474446438607665,2,0,3.733070821352,0.7465565130000001,6.489075554261101,0.7742156613247606,0.0,0.948926926616074,1.1019036130513316,0
RC_CARRY,recent,delay1,0.4163330498853979,0.25455774560740885,0.19156910358981413,3.2585950889913486,2,0,1.871738229975,0.3743180415,6.476536770329922,0.7738438066598456,0.0,0.9476491643782651,1.1047375613139574,0
RC_CARRY,recent,delay24,0.41010429455219377,0.2488551231536018,0.19082007447291527,3.2225493501813123,2,0,1.8760165880705002,0.37517430300000004,6.41555383659311,0.7711307430244325,0.0,0.9477165460907518,1.1045879245802417,0
RC_CARRY,recent,funding_haircut50,-0.058339424409425966,0.3073553441388266,0.17970890120536231,-0.48686406301634644,2,0,1.8665352353380005,0.37327825650000007,1.6922892477423888,0.7747840282421643,0.0,0.9516456781243608,1.0958990184993345,0
RC_CARRY,recent,risk10,0.4185073979850795,0.24883423442282337,0.1901580095648648,3.299865902838672,2,0,1.8698757994785002,0.373946991,6.476536770329922,0.7739663681089862,0.0,0.947637202617588,1.104764127404324,0
RC_TREND,recent,base,0.8908120204031755,1.6833175521597465,3.148198658417344,0.4388303655276,3,3,2.070601601703155,0.310590494265,0.0,0.0404687751732145,0.0404687751732145,0.4222758252889925,,0
RC_TREND,recent,cost_x2,0.6501080174859064,1.6833808008153373,3.1355119746136766,0.3260507467581002,3,3,4.131942532510941,0.6197923926300001,0.0,0.040466175702162835,0.040466175702162835,0.42229169180104675,,0
RC_TREND,recent,delay1,0.6509848055715084,1.680731478193176,3.0170615570658135,0.3380929719864604,3,3,2.0677268211398854,0.31015922314500005,0.0,0.04043546941441196,0.04043546941441196,0.4216270846416349,,0
RC_TREND,recent,delay24,-1.3517334224317445,3.3462059942295674,2.9237683102685668,-0.6845550984445523,3,3,2.097669368852205,0.314650155465,0.0,0.04006516321242462,0.04006516321242462,0.4172206573852522,,0
RC_TREND,recent,funding_haircut50,0.8908120204031755,1.6833175521597465,3.148198658417344,0.4388303655276,3,3,2.070601601703155,0.310590494265,0.0,0.0404687751732145,0.0404687751732145,0.4222758252889925,,0
RC_TREND,recent,risk10,0.5271452825321266,0.8449198742681463,1.5155273790049262,0.5286417551884481,3,3,0.978425505003655,0.146763969675,0.0,0.019366824611596455,0.019366824611596455,0.21195598938054175,,0
