period,family,scenario,return_pct,cagr_pct,dd_pct,sharpe,trades,net,fees,impact,funding,positive_years,ex_best_quarter_pct,unresolved_archive_exposure_bars,minimum_notional_rejects
main,A_ACCEPT,base,1.1851978278114985,0.294991587491511,5.491920286107366,0.10627854581095486,129,11.851978278114984,15.47754992190788,4.643265816434998,-5.354434383541686,2,-1.8325843929128172,39,0
main,A_ACCEPT,cost_x2,-0.802037598063896,-0.20111529690638452,5.828634029288493,-0.04776564636140497,129,-8.02037598063896,29.542381938617375,8.862717780329998,-5.156885061691113,2,-3.5797615209587685,39,0
main,A_ACCEPT,delay60,0.8196537534714026,0.20428659021884954,4.945367024699843,0.07919733989932635,125,8.196537534714025,15.105795205020293,4.531739319119998,-5.837657241142805,2,-2.084655237285682,39,0
main,A_ACCEPT,stop_5bp,0.7310061421282512,0.18225268924387805,5.593319977787137,0.07228277040725956,129,7.310061421282512,15.235668563775032,8.509000475110005,-5.301574539832882,2,-2.2343018293490946,39,0
main,A_ACCEPT,risk_half,0.3515642650908262,0.08777543073743566,2.7664250271846935,0.062385396889747015,128,3.515642650908262,7.523894546610048,2.2571687209049993,-2.566493381575912,2,-1.152826132867224,39,1
main,A_ACCEPT,risk_double,1.875198898587928,0.4655387288347468,10.920735641094304,0.10333483789279813,129,18.75198898587928,31.916639766738363,9.57499353456,-11.06919981281782,2,-4.104938186497275,39,0
main,A_ACCEPT,flow55,-0.059389239739630284,-0.014850617720096881,1.1760189271382226,-0.01934501395981821,3,-0.5938923973963028,0.3406214485840951,0.10218643371,-0.11262991510215846,1,-0.9935802222837853,0,0
main,A_ACCEPT,min50,0.920872349617639,0.22942732561141987,5.069492336130377,0.08681063768047392,126,9.20872349617639,15.274543150056765,4.582363717432497,-5.263946186334443,2,-2.093314574360561,39,4
main,R_RETEST,base,6.187982448507478,1.512340785797961,2.3819453762385367,0.8341443476239195,18,61.87982448507478,4.078681117412448,1.2236059063574996,-2.6460558411553294,3,2.159919101056862,0,0
main,R_RETEST,cost_x2,5.274120675272047,1.2932266579487095,2.3729895386602307,0.7643832890827961,18,52.74120675272047,7.517379558376302,2.25521971977,-2.5112729691318068,3,1.5767252400103793,0,0
main,R_RETEST,delay60,4.133856987698164,1.0178191982364693,3.4723588621804247,0.5604772862215397,18,41.33856987698164,4.268494806023081,1.2805495484249998,-2.2954113685684128,3,1.8661528658473037,0,0
main,R_RETEST,stop_5bp,5.952531970048722,1.4560231407152235,2.347604944673931,0.820316988685307,18,59.525319700487216,3.9481544649362936,2.1128799217375,-2.610819662837402,3,1.9947004619156772,0,0
main,R_RETEST,risk_half,3.1037035674611615,0.7670550715902724,1.1941293420570709,0.8563702154029387,17,31.037035674611616,1.9826707883861088,0.5948020219574999,-1.2940100650442687,3,1.1152974315362885,0,1
main,R_RETEST,risk_double,12.301302910170353,2.9428526302606617,4.716961886808568,0.8261931733243711,18,123.01302910170352,8.153768326712179,2.4461336290274995,-5.543239892556383,3,3.8989532678290084,0,0
main,R_RETEST,flow55,0.0,0.0,0.0,0.0,0,0.0,0.0,0.0,0.0,0,0.0,0,0
main,R_RETEST,min50,6.209889412913435,1.517575971461027,2.3814543175877168,0.8468381940083418,17,62.09889412913435,4.039311805967448,1.2117951163574996,-2.6307662985407734,3,2.1818276579391283,0,1
main,F_REJECT,base,1.7150446037442975,0.4260308755379638,2.8025319257759196,0.20234603773657178,37,17.150446037442975,6.872134767840888,2.0616409918425003,1.1291002471259854,3,-0.6764786486053942,0,0
main,F_REJECT,cost_x2,0.8079719987591488,0.20138385072721032,2.806757609054955,0.10508102324388326,37,8.079719987591488,12.9382014209218,3.881462571465001,1.0639566299775072,3,-1.3530476704025074,0,0
main,F_REJECT,delay60,1.1058954494384352,0.2753346362056375,3.5847779034600347,0.12974609928959582,38,11.058954494384352,7.589179671166853,2.2767543401325003,1.4234465556834945,3,-1.5777857841641985,0,0
main,F_REJECT,stop_5bp,1.497278104189229,0.3722359693075994,2.8057894217950685,0.17995211038184927,37,14.97278104189229,6.722411473852927,3.9487153211649995,1.0923168369100504,3,-0.8252160906003336,0,0
main,F_REJECT,risk_half,0.8684388560919046,0.216406225193988,1.3917220707681976,0.20216616442070012,37,8.684388560919047,3.39684147416525,1.0190527242974998,0.56481940938296,3,-0.32012293022920524,0,0
main,F_REJECT,risk_double,3.2032832447464443,0.7913769879126731,5.574427125751969,0.1992924117016601,37,32.03283244746444,13.85647940857245,4.156944898395,2.231889354432639,3,-1.5701611382991754,0,0
main,F_REJECT,flow55,-0.049115440518482954,-0.012281122333879235,0.6507095599253998,-0.06612097269438169,1,-0.49115440518482956,0.23788620083975004,0.0713658525,0.16262764815497832,0,-0.04911544051849903,0,0
main,F_REJECT,min50,1.7150446037442975,0.4260308755379638,2.8025319257759196,0.20234603773657178,37,17.150446037442975,6.872134767840888,2.0616409918425003,1.1291002471259854,3,-0.6764786486053942,0,0
main,P_RESUME,base,-3.186702684471095,-0.806377000660019,4.954810294058154,-0.4231440897560113,31,-31.86702684471095,5.707026409242244,1.7121074088824992,-1.6083297765854485,1,-3.8257106713566524,7,0
main,P_RESUME,cost_x2,-3.725871727924664,-0.9447727339543466,5.169635569236986,-0.5175767618682221,31,-37.25871727924664,10.696874197848928,3.2090602953449987,-1.53045303605231,1,-4.283799091351003,7,0
main,P_RESUME,delay60,-4.390129576323591,-1.1160782187171758,5.25004640079989,-0.6423684800015799,31,-43.90129576323591,5.610125298424863,1.6830368005799992,-1.5438021642308677,0,-4.848783790396549,7,0
main,P_RESUME,stop_5bp,-3.3808807513733314,-0.8561525235836864,5.04735359630163,-0.4546325034723421,31,-33.80880751373331,5.558212625704498,4.4510078778275,-1.5796808602006793,1,-3.9859019387436745,7,0
main,P_RESUME,risk_half,-1.5926076293364304,-0.4005521172103177,2.5038656873817455,-0.4248162878207157,31,-15.926076293364304,2.8823909078501937,0.8647170167624998,-0.8192991187506871,1,-1.915089199742681,7,0
main,P_RESUME,risk_double,-6.327142016968582,-1.6207646447657154,9.728300445989502,-0.41647007786456375,31,-63.271420169685825,11.095644777630628,3.3286924042874975,-3.1136746377666578,1,-7.548573115310164,7,0
main,P_RESUME,flow55,0.0,0.0,0.0,0.0,0,0.0,0.0,0.0,0.0,0,0.0,0,0
main,P_RESUME,min50,-3.186702684471095,-0.806377000660019,4.954810294058154,-0.4231440897560113,31,-31.86702684471095,5.707026409242244,1.7121074088824992,-1.6083297765854485,1,-3.8257106713566524,7,0
main,C_CHANNEL,base,11.243519295230703,2.699582937424294,6.276454170046586,0.8084150199580098,43,112.43519295230703,5.814014644664707,1.7442072405149995,-6.545055762511612,3,5.188319420258503,0,0
main,C_CHANNEL,cost_x2,9.703146863315032,2.3422053844798896,6.309171635983479,0.7342554398552563,43,97.03146863315033,11.128041997099402,3.3384231920399996,-6.201068177711594,3,4.199890713433296,0,0
main,C_CHANNEL,delay60,10.714650783542425,2.577302381813018,5.792890770225134,0.7569663742897447,42,107.14650783542425,6.1070307199000355,1.8321119518349998,-6.508348992841609,3,5.767271125543871,0,0
main,C_CHANNEL,stop_5bp,10.679026039531823,2.5690497902701503,6.296992846655714,0.780166650588659,43,106.79026039531823,5.714728895806075,4.595490584627502,-6.395862974246573,3,4.839842447593856,0,0
main,C_CHANNEL,risk_half,5.556369421417412,1.3610524123950585,3.1600642804131773,0.8108288451488836,43,55.56369421417412,2.7899965532976547,0.8370003684524999,-3.1410068140756064,3,2.6102566489589085,0,0
main,C_CHANNEL,risk_double,22.788044537106156,5.2662182088417,12.262398063025849,0.8029298512915654,43,227.88044537106157,12.474180772353789,3.742260039022499,-14.006063367560026,3,10.086181442359088,0,0
main,C_CHANNEL,flow55,9.094786122072833,2.200024238889342,1.9283595136565523,0.9892848089949641,5,90.94786122072833,0.9824949194328513,0.2947505918475,-1.8201219179907333,2,3.1802437433021913,0,0
main,C_CHANNEL,min50,11.208296632225096,2.6914526157452157,6.273479614823518,0.8070045339804668,42,112.08296632225097,5.7607970088461995,1.7282419387274996,-6.475712080174844,3,5.152593767722302,0,2
recent,A_ACCEPT,base,-0.020219865561921326,-0.030390659484380578,3.304094877348729,0.0071243537564580905,19,-0.20219865561921324,2.36501817520971,0.7095055256099999,-0.37421215479923897,0,-0.6071912508442412,0,0
recent,A_ACCEPT,cost_x2,-0.3106381558056682,-0.4665509623966613,3.3636466633303663,-0.13077792347258954,19,-3.1063815580566825,4.558618399483805,1.367585806515,-0.3653980020580007,0,-0.7208845391818208,0,0
recent,A_ACCEPT,delay60,0.6023070464683087,0.9066897924216777,2.7383961024769032,0.27146047145731117,18,6.023070464683087,2.35352156283798,0.70605668088,-0.34084489159948095,1,-0.02424783618224513,0,0
recent,A_ACCEPT,stop_5bp,-0.08845707404753966,-0.1329290380692072,3.3330139331346875,-0.024412674635577048,19,-0.8845707404753966,2.33572380902121,1.3601293889600001,-0.37244174249435935,0,-0.6279786350900762,0,0
recent,A_ACCEPT,risk_half,0.008449297009985913,0.01270029351003732,1.6419305116028404,0.01590239480222031,19,0.08449297009985912,1.1660843337021751,0.34982534024999995,-0.1835683559477458,1,-0.3075305126224226,0,0
recent,A_ACCEPT,risk_double,-0.12661089488507288,-0.1902464947562299,6.5879514266581785,0.003984673227627185,19,-1.2661089488507287,4.778515754816837,1.4335548547874997,-0.7581471892454689,0,-1.2493553162765236,0,0
recent,A_ACCEPT,flow55,-0.4994640109965644,-0.7497935877934236,0.5031623965174203,-1.2255846005758748,1,-4.994640109965644,0.22251266602803124,0.0667536939375,0.0,0,-0.49946401099656423,0,0
recent,A_ACCEPT,min50,-1.311829401065438,-1.9652721924331096,4.084695533507521,-0.5745565229300917,19,-13.118294010654381,2.3621350092482616,0.7086402846074995,-0.35120856679857515,0,-1.2713113714271418,0,1
recent,R_RETEST,base,-0.11954494512948485,-0.17963233988240734,1.2620345880964834,-0.08322932060861922,4,-1.1954494512948486,1.0287308410455187,0.30861925530749995,0.008840895058045308,0,-0.9942761877512085,0,0
recent,R_RETEST,cost_x2,-0.22009010086463832,-0.3306312288552604,1.2490794005205363,-0.1703557495038936,4,-2.200901008646383,1.8849201897272252,0.565476078915,0.005086009995594465,0,-0.9981708971332104,0,0
recent,R_RETEST,delay60,-0.08723366416234057,-0.13109096013836918,1.5657441057192023,-0.050973978029890996,4,-0.8723366416234057,1.0448474895227138,0.3134542575825,0.009267955482086018,0,-0.9986967797676716,0,0
recent,R_RETEST,stop_5bp,-0.14943704158735044,-0.22453233374153392,1.2504274919929892,-0.10804991987362228,4,-1.4943704158735045,0.9954060555373363,0.7000416581724997,0.007232447836314982,0,-0.9992451476153463,0,0
recent,R_RETEST,risk_half,-0.053809006861081345,-0.08086863921042964,0.6320062825552641,-0.07846007099803981,4,-0.5380900686108134,0.5152259874594826,0.15456779909999996,0.004496817948776482,0,-0.49822294781878274,0,0
recent,R_RETEST,risk_double,-0.19797178463527415,-0.2974204677262948,2.4312439809208386,-0.058089824598485475,4,-1.9797178463527416,1.9869182066664413,0.5960754753074999,0.011828385621655023,0,-1.9932807694347576,0,0
recent,R_RETEST,flow55,-0.49983193896530337,-0.750345223472848,0.7151481936587212,-1.2255846005758737,1,-4.998319389653034,0.46708637573304,0.14012581392,0.0,0,-0.49983193896530054,0,0
recent,R_RETEST,min50,-0.11954494512948485,-0.17963233988240734,1.2620345880964834,-0.08322932060861922,4,-1.1954494512948486,1.0287308410455187,0.30861925530749995,0.008840895058045308,0,-0.9942761877512085,0,0
recent,F_REJECT,base,-1.377906861348879,-2.0639180795818834,2.3592969708425393,-1.0541935960177045,7,-13.77906861348879,1.2228414847077629,0.36685217419500005,-0.13527145458579942,0,-2.0067915923258517,0,0
recent,F_REJECT,cost_x2,-1.4437144566845632,-2.1621280483692162,2.335537001953636,-1.1403352784078358,7,-14.437144566845632,2.3235727475594703,0.69707080845,-0.12963611083652643,0,-2.014506839205421,0,0
recent,F_REJECT,delay60,-1.1688187219131578,-1.7516602598026787,2.347855416185929,-0.8577827795277716,7,-11.688187219131578,1.360140950355694,0.4080420650925,-0.14159495368374003,0,-1.8346834885159646,0,0
recent,F_REJECT,stop_5bp,-1.3959055306047958,-2.090782218151821,2.351208907392599,-1.075085699634468,7,-13.959055306047958,1.2015571885761902,0.8282177469000003,-0.1341151705714112,0,-2.0061906361029003,0,0
recent,F_REJECT,risk_half,-0.6757127004985705,-1.0139263290548595,1.1778279331792874,-1.04046236217839,7,-6.757127004985705,0.6077478759691626,0.18232423003499998,-0.06679939898118542,0,-1.000809475278619,0,0
recent,F_REJECT,risk_double,-2.7769448623571065,-4.144696379136025,4.686839479161675,-1.0590280125797096,7,-27.769448623571066,2.4464419143756415,0.7339320271574999,-0.2710661320379554,0,-3.9955451702792466,0,0
recent,F_REJECT,flow55,-0.49788196548394126,-0.7474216097771991,0.8542445448037839,-1.62931967103798,1,-4.978819654839413,0.20962817232680503,0.06288834638999999,-0.025945736122641814,0,-0.49788196548394836,0,0
recent,F_REJECT,min50,-1.377906861348879,-2.0639180795818834,2.3592969708425393,-1.0541935960177045,7,-13.77906861348879,1.2228414847077629,0.36685217419500005,-0.13527145458579942,0,-2.0067915923258517,0,0
recent,P_RESUME,base,1.421753245259572,2.1446427602955564,1.3213776768998375,0.9686630750639229,5,14.21753245259572,0.8658014096806014,0.25974076997249995,-0.08218401775110326,1,-0.8957477910403022,0,0
recent,P_RESUME,cost_x2,1.2704602553373205,1.9157014286637963,1.3106475110828075,0.8959626394358201,5,12.704602553373206,1.655900309645395,0.49677143722499995,-0.07974104975617025,1,-0.9189673723861369,0,0
recent,P_RESUME,delay60,0.8940750028568345,1.3468898819745112,1.1842781194394858,0.7349824134387409,5,8.940750028568345,0.8700393301933852,0.26101202761500003,-0.08628681362325466,1,-0.8993808477814058,0,0
recent,P_RESUME,stop_5bp,1.3657469817430752,2.059872269976304,1.315482616650332,0.9400376099544187,5,13.657469817430751,0.8493326324850538,0.6716911277825,-0.08129087230160549,1,-0.9039561806251983,0,0
recent,P_RESUME,risk_half,0.7055443893900588,1.062374107493902,0.6585081874156185,0.9671863510608721,5,7.055443893900588,0.42963093091886634,0.12888945150749997,-0.040784173673417426,1,-0.44406276341225626,0,0
recent,P_RESUME,risk_double,2.8248558614741115,4.276033744374219,2.5973937867927566,0.970623536810455,5,28.248558614741114,1.744082500480914,0.5232254405775,-0.17005459420036417,1,-1.7866647976937045,0,0
recent,P_RESUME,flow55,0.10124578650212471,0.15221991727938367,0.5158447841928426,0.39488117620838076,1,1.012457865021247,0.148688873346985,0.04460669102999999,-0.08428677060185744,1,0.0,0,0
recent,P_RESUME,min50,1.421753245259572,2.1446427602955564,1.3213776768998375,0.9686630750639229,5,14.21753245259572,0.8658014096806014,0.25974076997249995,-0.08218401775110326,1,-0.8957477910403022,0,0
recent,C_CHANNEL,base,-0.7626204555015988,-1.1440827241019136,2.8288415041079706,-0.40957742776564277,7,-7.626204555015988,0.9672338095823201,0.29016999911999997,0.020296853686628653,0,-1.1822082818427893,0,0
recent,C_CHANNEL,cost_x2,-0.8870351326503055,-1.330311136309481,2.825981604085237,-0.49613491682786254,7,-8.870351326503055,1.8618313082866902,0.5585488103099998,0.018651092093406093,0,-1.1999706859464498,0,0
recent,C_CHANNEL,delay60,0.6235292473661843,0.9386868052533748,3.0254316375293078,0.24516505985016335,7,6.235292473661843,1.1201476704280002,0.3360444739499999,0.010524618040120308,1,-1.119535172895214,0,0
recent,C_CHANNEL,stop_5bp,-0.8121624062569708,-1.2182529994653524,2.8357399377438086,-0.43976784985861683,7,-8.121624062569708,0.957473519653745,0.76161389088,0.01969794796445698,0,-1.1943356800626193,0,0
recent,C_CHANNEL,risk_half,-0.3592664686487751,-0.5395202479543282,1.405142998979314,-0.3915484229679898,7,-3.592664686487751,0.48324559602718997,0.14497361187000002,0.010583721409411096,0,-0.5772864824426183,0,0
recent,C_CHANNEL,risk_double,-1.6002472315956537,-2.3956019377961657,5.64153359882712,-0.41928096180544133,7,-16.00247231595654,1.9294618531978127,0.5788382514749999,0.03846528871629573,0,-2.3792140400970996,0,0
recent,C_CHANNEL,flow55,-0.26308995942787305,-0.3951851302054443,0.6640800491564458,-0.6160583117562459,1,-2.6308995942787305,0.15374121238000502,0.04612230999,-0.04330267190862572,0,-0.2630899594278757,0,0
recent,C_CHANNEL,min50,-0.324930995517434,-0.4879999623654263,2.0096524186819287,-0.17518734189844523,6,-3.24930995517434,0.922620052391455,0.27678596889,0.031315466107006966,0,-0.7524438269334688,0,2
