date_utc,strategy,equity_USDC,drawdown_pct,position_btc,fees,funding,impact
2026-08-27,T1,1003.8689403622839,0.05206270216800979,0.0026300000000000004,0.09313293134452501,-0.057087051871516005,0.031039654500000007
2026-08-28,T1,997.5280572306273,0.7164394693808807,0.0026300000000000004,0.09313293134452501,-0.11490018352808906,0.031039654500000007
2026-08-29,T1,998.5115143150937,0.6185563870283239,0.0026300000000000004,0.09313293134452501,-0.17292309906192602,0.031039654500000007
2026-08-30,T1,996.9531582453437,0.7736589308192432,0.0026300000000000004,0.09313293134452501,-0.23480916881192596,0.031039654500000007
2026-08-31,T1,999.297838717469,0.5402938400913881,0.0026300000000000004,0.09313293134452501,-0.296578696686926,0.031039654500000007
2026-09-01,T1,996.1986097002189,0.8487588396490442,0.0026300000000000004,0.09313293134452501,-0.35815771393692614,0.031039654500000007
2026-09-02,T1,995.874701497344,0.8809972909220587,0.0026300000000000004,0.09313293134452501,-0.41906591681192634,0.031039654500000007
2026-09-03,T1,1006.1442347282081,0.12023579811024643,0.0026300000000000004,0.09313293134452501,-0.47228268594801126,0.031039654500000007
2026-09-04,T1,1001.8236541779638,0.5491390822305764,0.0026300000000000004,0.09313293134452501,-0.5296332361919032,0.031039654500000007
2026-09-05,T1,1002.2561609363762,0.5062042111108056,0.0026300000000000004,0.09313293134452501,-0.57315647777944,0.031039654500000007
2026-09-06,T1,1003.5344664531258,0.3793070435040069,0.0026300000000000004,0.09313293134452501,-0.6361509610294396,0.031039654500000007
2026-09-07,T1,1000.240427270421,0.7063057435752862,0.0026300000000000004,0.09313293134452501,-0.6637301437342976,0.031039654500000007
2026-09-08,T1,998.5017966073667,0.8788993088576502,0.0026300000000000004,0.09313293134452501,-0.6797108067883938,0.031039654500000007
2026-09-09,T1,998.0814542687431,0.9206266201284286,0.0026300000000000004,0.09313293134452501,-0.7265931454121818,0.031039654500000007
2026-09-10,T1,993.4567115847228,1.3797240266738564,0.0026300000000000004,0.09313293134452501,-0.7698758294324908,0.031039654500000007
2026-09-11,T1,995.4061826342158,1.1862003726876402,0.0038300000000000005,0.13465759911052502,-0.8194506321736429,0.04487913450000001
2026-09-12,T1,995.6542032722532,1.161579406836688,0.0038300000000000005,0.13465759911052502,-0.831869994136463,0.04487913450000001
2026-09-13,T1,993.947550387879,1.330998543558981,0.0038300000000000005,0.13465759911052502,-0.8609828785105681,0.04487913450000001
2026-09-14,T1,999.1141669501378,0.8181094108200893,0.0038300000000000005,0.13465759911052502,-0.949126316251592,0.04487913450000001
2026-09-15,T1,989.1772745019639,1.8045430058913348,0.0038300000000000005,0.13465759911052502,-1.0275987644253501,0.04487913450000001
2026-09-16,T1,991.2875295534869,1.5950583518259065,0.0038300000000000005,0.13465759911052502,-1.1081037129021571,0.04487913450000001
2026-09-17,T1,992.0391376812481,1.5204463429489778,0.0038300000000000005,0.13465759911052502,-1.183775585141134,0.04487913450000001
2026-09-18,T1,1009.2667330455188,0.13114053188348906,0.0038300000000000005,0.13465759911052502,-1.2677802208704656,0.04487913450000001
2026-09-19,T1,1010.9612755858681,0.17217896290463441,0.0029800000000000004,0.16591425240915003,-1.3430905797227095,0.05529958200000001
2026-09-20,T1,1010.677482363368,0.20020225094884436,0.0029800000000000004,0.16591425240915003,-1.4153038022227091,0.05529958200000001
2026-09-21,T1,1026.765787583566,0.11267031973140051,0.0029800000000000004,0.16591425240915003,-1.541178582024829,0.05529958200000001
2026-09-22,T1,1025.4144264575625,0.24413540742962425,0.0029800000000000004,0.16591425240915003,-1.6260397080285154,0.05529958200000001
2026-09-23,T1,1019.7625418887607,0.8320545990581518,0.0029800000000000004,0.16591425240915003,-1.7023442768303036,0.05529958200000001
2026-09-24,T1,1019.7691379051577,0.8314131620892007,0.0029800000000000004,0.16591425240915003,-1.7523682604331279,0.05529958200000001
2026-09-25,T1,1018.7447533253621,0.9310305827198606,0.0029800000000000004,0.16591425240915003,-1.8261328402286985,0.05529958200000001
2026-09-26,T1,1019.7242752486,0.8357758811471161,0.0029800000000000004,0.16591425240915003,-1.8806709169908784,0.05529958200000001
2026-09-27,T1,1019.7226997424684,0.8359290929975338,0.0029800000000000004,0.16591425240915003,-1.9537664231223244,0.05529958200000001
2026-09-28,T1,1016.7672782202651,1.1233323541604667,0.0029800000000000004,0.16591425240915003,-1.9887879453255481,0.05529958200000001
2026-09-29,T1,1017.0582743551768,1.0950341105660732,0.0,0.27803185224615,-2.0340360705771827,0.09267772200000002
2026-08-27,T2,1003.8689403622839,0.05206270216800979,0.0026300000000000004,0.09313293134452501,-0.057087051871516005,0.031039654500000007
2026-08-28,T2,997.5280572306273,0.7164394693808807,0.0026300000000000004,0.09313293134452501,-0.11490018352808906,0.031039654500000007
2026-08-29,T2,998.5115143150937,0.6185563870283239,0.0026300000000000004,0.09313293134452501,-0.17292309906192602,0.031039654500000007
2026-08-30,T2,996.9531582453437,0.7736589308192432,0.0026300000000000004,0.09313293134452501,-0.23480916881192596,0.031039654500000007
2026-08-31,T2,999.297838717469,0.5402938400913881,0.0026300000000000004,0.09313293134452501,-0.296578696686926,0.031039654500000007
2026-09-01,T2,996.1986097002189,0.8487588396490442,0.0026300000000000004,0.09313293134452501,-0.35815771393692614,0.031039654500000007
2026-09-02,T2,995.874701497344,0.8809972909220587,0.0026300000000000004,0.09313293134452501,-0.41906591681192634,0.031039654500000007
2026-09-03,T2,1006.1442347282081,0.12023579811024643,0.0026300000000000004,0.09313293134452501,-0.47228268594801126,0.031039654500000007
2026-09-04,T2,1001.8236541779638,0.5491390822305764,0.0026300000000000004,0.09313293134452501,-0.5296332361919032,0.031039654500000007
2026-09-05,T2,1002.2561609363762,0.5062042111108056,0.0026300000000000004,0.09313293134452501,-0.57315647777944,0.031039654500000007
2026-09-06,T2,1003.5344664531258,0.3793070435040069,0.0026300000000000004,0.09313293134452501,-0.6361509610294396,0.031039654500000007
2026-09-07,T2,1000.240427270421,0.7063057435752862,0.0026300000000000004,0.09313293134452501,-0.6637301437342976,0.031039654500000007
2026-09-08,T2,998.5017966073667,0.8788993088576502,0.0026300000000000004,0.09313293134452501,-0.6797108067883938,0.031039654500000007
2026-09-09,T2,998.0814542687431,0.9206266201284286,0.0026300000000000004,0.09313293134452501,-0.7265931454121818,0.031039654500000007
2026-09-10,T2,993.4567115847228,1.3797240266738564,0.0026300000000000004,0.09313293134452501,-0.7698758294324908,0.031039654500000007
2026-09-11,T2,995.4061826342158,1.1862003726876402,0.0038300000000000005,0.13465759911052502,-0.8194506321736429,0.04487913450000001
2026-09-12,T2,995.6542032722532,1.161579406836688,0.0038300000000000005,0.13465759911052502,-0.831869994136463,0.04487913450000001
2026-09-13,T2,993.947550387879,1.330998543558981,0.0038300000000000005,0.13465759911052502,-0.8609828785105681,0.04487913450000001
2026-09-14,T2,999.1141669501378,0.8181094108200893,0.0038300000000000005,0.13465759911052502,-0.949126316251592,0.04487913450000001
2026-09-15,T2,989.1772745019639,1.8045430058913348,0.0038300000000000005,0.13465759911052502,-1.0275987644253501,0.04487913450000001
2026-09-16,T2,991.2875295534869,1.5950583518259065,0.0038300000000000005,0.13465759911052502,-1.1081037129021571,0.04487913450000001
2026-09-17,T2,992.0391376812481,1.5204463429489778,0.0038300000000000005,0.13465759911052502,-1.183775585141134,0.04487913450000001
2026-09-18,T2,1009.2667330455188,0.13114053188348906,0.0038300000000000005,0.13465759911052502,-1.2677802208704656,0.04487913450000001
2026-09-19,T2,1010.9612755858681,0.17217896290463441,0.0029800000000000004,0.16591425240915003,-1.3430905797227095,0.05529958200000001
2026-09-20,T2,1010.677482363368,0.20020225094884436,0.0029800000000000004,0.16591425240915003,-1.4153038022227091,0.05529958200000001
2026-09-21,T2,1026.765787583566,0.11267031973140051,0.0029800000000000004,0.16591425240915003,-1.541178582024829,0.05529958200000001
2026-09-22,T2,1025.4144264575625,0.24413540742962425,0.0029800000000000004,0.16591425240915003,-1.6260397080285154,0.05529958200000001
2026-09-23,T2,1019.7625418887607,0.8320545990581518,0.0029800000000000004,0.16591425240915003,-1.7023442768303036,0.05529958200000001
2026-09-24,T2,1019.7691379051577,0.8314131620892007,0.0029800000000000004,0.16591425240915003,-1.7523682604331279,0.05529958200000001
2026-09-25,T2,1018.7447533253621,0.9310305827198606,0.0029800000000000004,0.16591425240915003,-1.8261328402286985,0.05529958200000001
2026-09-26,T2,1019.7242752486,0.8357758811471161,0.0029800000000000004,0.16591425240915003,-1.8806709169908784,0.05529958200000001
2026-09-27,T2,1019.7226997424684,0.8359290929975338,0.0029800000000000004,0.16591425240915003,-1.9537664231223244,0.05529958200000001
2026-09-28,T2,1016.7672782202651,1.1233323541604667,0.0029800000000000004,0.16591425240915003,-1.9887879453255481,0.05529958200000001
2026-09-29,T2,1017.0582743551768,1.0950341105660732,0.0,0.27803185224615,-2.0340360705771827,0.09267772200000002
2026-08-27,T3,1003.8689403622839,0.05206270216800979,0.0026300000000000004,0.09313293134452501,-0.057087051871516005,0.031039654500000007
2026-08-28,T3,997.5280572306273,0.7164394693808807,0.0026300000000000004,0.09313293134452501,-0.11490018352808906,0.031039654500000007
2026-08-29,T3,998.5115143150937,0.6185563870283239,0.0026300000000000004,0.09313293134452501,-0.17292309906192602,0.031039654500000007
2026-08-30,T3,996.9531582453437,0.7736589308192432,0.0026300000000000004,0.09313293134452501,-0.23480916881192596,0.031039654500000007
2026-08-31,T3,999.297838717469,0.5402938400913881,0.0026300000000000004,0.09313293134452501,-0.296578696686926,0.031039654500000007
2026-09-01,T3,996.1986097002189,0.8487588396490442,0.0026300000000000004,0.09313293134452501,-0.35815771393692614,0.031039654500000007
2026-09-02,T3,995.874701497344,0.8809972909220587,0.0026300000000000004,0.09313293134452501,-0.41906591681192634,0.031039654500000007
2026-09-03,T3,1006.1442347282081,0.12023579811024643,0.0026300000000000004,0.09313293134452501,-0.47228268594801126,0.031039654500000007
2026-09-04,T3,1001.8236541779638,0.5491390822305764,0.0026300000000000004,0.09313293134452501,-0.5296332361919032,0.031039654500000007
2026-09-05,T3,1002.2561609363762,0.5062042111108056,0.0026300000000000004,0.09313293134452501,-0.57315647777944,0.031039654500000007
2026-09-06,T3,1003.5344664531258,0.3793070435040069,0.0026300000000000004,0.09313293134452501,-0.6361509610294396,0.031039654500000007
2026-09-07,T3,1000.240427270421,0.7063057435752862,0.0026300000000000004,0.09313293134452501,-0.6637301437342976,0.031039654500000007
2026-09-08,T3,998.5017966073667,0.8788993088576502,0.0026300000000000004,0.09313293134452501,-0.6797108067883938,0.031039654500000007
2026-09-09,T3,998.0814542687431,0.9206266201284286,0.0026300000000000004,0.09313293134452501,-0.7265931454121818,0.031039654500000007
2026-09-10,T3,993.4567115847228,1.3797240266738564,0.0026300000000000004,0.09313293134452501,-0.7698758294324908,0.031039654500000007
2026-09-11,T3,995.4061826342158,1.1862003726876402,0.0038300000000000005,0.13465759911052502,-0.8194506321736429,0.04487913450000001
2026-09-12,T3,995.6542032722532,1.161579406836688,0.0038300000000000005,0.13465759911052502,-0.831869994136463,0.04487913450000001
2026-09-13,T3,993.947550387879,1.330998543558981,0.0038300000000000005,0.13465759911052502,-0.8609828785105681,0.04487913450000001
2026-09-14,T3,999.1141669501378,0.8181094108200893,0.0038300000000000005,0.13465759911052502,-0.949126316251592,0.04487913450000001
2026-09-15,T3,989.1772745019639,1.8045430058913348,0.0038300000000000005,0.13465759911052502,-1.0275987644253501,0.04487913450000001
2026-09-16,T3,991.2875295534869,1.5950583518259065,0.0038300000000000005,0.13465759911052502,-1.1081037129021571,0.04487913450000001
2026-09-17,T3,992.0391376812481,1.5204463429489778,0.0038300000000000005,0.13465759911052502,-1.183775585141134,0.04487913450000001
2026-09-18,T3,1009.2667330455188,0.13114053188348906,0.0038300000000000005,0.13465759911052502,-1.2677802208704656,0.04487913450000001
2026-09-19,T3,1010.9612755858681,0.17217896290463441,0.0029800000000000004,0.16591425240915003,-1.3430905797227095,0.05529958200000001
2026-09-20,T3,1010.677482363368,0.20020225094884436,0.0029800000000000004,0.16591425240915003,-1.4153038022227091,0.05529958200000001
2026-09-21,T3,1026.765787583566,0.11267031973140051,0.0029800000000000004,0.16591425240915003,-1.541178582024829,0.05529958200000001
2026-09-22,T3,1025.4144264575625,0.24413540742962425,0.0029800000000000004,0.16591425240915003,-1.6260397080285154,0.05529958200000001
2026-09-23,T3,1019.7625418887607,0.8320545990581518,0.0029800000000000004,0.16591425240915003,-1.7023442768303036,0.05529958200000001
2026-09-24,T3,1019.7691379051577,0.8314131620892007,0.0029800000000000004,0.16591425240915003,-1.7523682604331279,0.05529958200000001
2026-09-25,T3,1018.7447533253621,0.9310305827198606,0.0029800000000000004,0.16591425240915003,-1.8261328402286985,0.05529958200000001
2026-09-26,T3,1019.7242752486,0.8357758811471161,0.0029800000000000004,0.16591425240915003,-1.8806709169908784,0.05529958200000001
2026-09-27,T3,1019.7226997424684,0.8359290929975338,0.0029800000000000004,0.16591425240915003,-1.9537664231223244,0.05529958200000001
2026-09-28,T3,1016.7672782202651,1.1233323541604667,0.0029800000000000004,0.16591425240915003,-1.9887879453255481,0.05529958200000001
2026-09-29,T3,1017.0582743551768,1.0950341105660732,0.0,0.27803185224615,-2.0340360705771827,0.09267772200000002
2026-08-27,T4,1009.3413579089367,0.12493004354011683,0.006350000000000001,0.22486468214362504,-0.13783375641982004,0.07494365250000001
2026-08-28,T4,994.0316210701461,1.7183728207195381,0.006350000000000001,0.22486468214362504,-0.2774205952104051,0.07494365250000001
2026-08-29,T4,996.4061277189521,1.4836012377577812,0.006350000000000001,0.22486468214362504,-0.4175139464042701,0.07494365250000001
2026-08-30,T4,992.6435569802022,1.855613120220212,0.006350000000000001,0.22486468214362504,-0.5669346851542703,0.07494365250000001
2026-08-31,T4,998.3046676258273,1.2958893105339708,0.006350000000000001,0.22486468214362504,-0.7160740395292704,0.07494365250000001
2026-09-01,T4,990.8217382495772,2.035739491933386,0.006350000000000001,0.22486468214362504,-0.8647534157792703,0.07494365250000001
2026-09-02,T4,990.0396785202022,2.113063091228551,0.006350000000000001,0.22486468214362504,-1.0118131451542705,0.07494365250000001
2026-09-03,T4,1014.8349393627824,0.28733558349942623,0.006350000000000001,0.22486468214362504,-1.1403023025740953,0.07494365250000001
2026-09-04,T4,1004.4031194030679,1.312314644182444,0.006350000000000001,0.22486468214362504,-1.2787722622884357,0.07494365250000001
2026-09-05,T4,1005.4473847703375,1.2097102914059077,0.006350000000000001,0.22486468214362504,-1.383856895018801,0.07494365250000001
2026-09-06,T4,1008.5337878240875,0.9064555846396316,0.006350000000000001,0.22486468214362504,-1.5359538412688014,0.07494365250000001
2026-09-07,T4,1000.5804993031081,1.6879063985010268,0.006350000000000001,0.22486468214362504,-1.602542362248212,0.07494365250000001
2026-09-08,T4,996.3826648124643,2.1003648640170014,0.006350000000000001,0.22486468214362504,-1.641126852892132,0.07494365250000001
2026-09-09,T4,995.3677698123649,2.20008342970458,0.006350000000000001,0.22486468214362504,-1.7543218529913922,0.07494365250000001
2026-09-10,T4,984.2015659935328,3.2972194180383774,0.006350000000000001,0.22486468214362504,-1.858825671823697,0.07494365250000001
2026-09-11,T4,988.224329085491,2.9019626027109724,0.006350000000000001,0.22486468214362504,-1.9445125798653367,0.07494365250000001
2026-09-12,T4,988.6355382373282,2.8615592242188237,0.006350000000000001,0.22486468214362504,-1.9651034280282367,0.07494365250000001
2026-09-13,T4,985.8059701392145,3.139578597879722,0.006350000000000001,0.22486468214362504,-2.0133715261419614,0.07494365250000001
2026-09-14,T4,994.3720315413933,2.297919749887256,0.006350000000000001,0.22486468214362504,-2.1595101239632415,0.07494365250000001
2026-09-15,T4,977.897027090766,3.916672244827224,0.006350000000000001,0.22486468214362504,-2.2896145745907512,0.07494365250000001
2026-09-16,T4,981.3957528289311,3.5729047493623045,0.006350000000000001,0.22486468214362504,-2.4230888364256664,0.07494365250000001
2026-09-17,T4,982.6418916308326,3.4504653108380468,0.006350000000000001,0.22486468214362504,-2.548550034524231,0.07494365250000001
2026-09-18,T4,1011.2046150154588,0.6440333077569527,0.006350000000000001,0.22486468214362504,-2.687826649897927,0.07494365250000001
2026-09-19,T4,1013.4354206341168,0.42484537541067624,0.006350000000000001,0.22486468214362504,-2.8446210312399574,0.07494365250000001
2026-09-20,T4,1012.8306934653668,0.48426287760957587,0.006350000000000001,0.22486468214362504,-2.9984981999899567,0.07494365250000001
2026-09-21,T4,1047.1128203607548,0.23513221148436791,0.006350000000000001,0.22486468214362504,-3.2667213046018566,0.07494365250000001
2026-09-22,T4,1044.2332421224583,0.509487311187351,0.006350000000000001,0.22486468214362504,-3.4475495428983036,0.07494365250000001
2026-09-23,T4,1032.1897968164544,1.7356943685892134,0.006350000000000001,0.22486468214362504,-3.610144848902114,0.07494365250000001
2026-09-24,T4,1032.203852086294,1.7343563091203884,0.006350000000000001,0.22486468214362504,-3.716739579062494,0.07494365250000001
2026-09-25,T4,1030.0210191729714,1.9421616577089962,0.006350000000000001,0.22486468214362504,-3.8739224923852693,0.07494365250000001
2026-09-26,T4,1032.1082554859108,1.7434570903782198,0.006350000000000001,0.22486468214362504,-3.990136179445619,0.07494365250000001
2026-09-27,T4,1032.104898283248,1.7437766955414657,0.006350000000000001,0.22486468214362504,-4.145893382108263,0.07494365250000001
2026-09-28,T4,1025.8072718852648,2.3433097339734643,0.006350000000000001,0.22486468214362504,-4.220519780091641,0.07494365250000001
2026-09-29,T4,1026.427347541871,2.2842786294001716,0.0,0.46377299052112503,-4.316937765107711,0.15459170250000004
2026-08-27,T5,1003.8689403622839,0.05206270216800979,0.0026300000000000004,0.09313293134452501,-0.057087051871516005,0.031039654500000007
2026-08-28,T5,997.5280572306273,0.7164394693808807,0.0026300000000000004,0.09313293134452501,-0.11490018352808906,0.031039654500000007
2026-08-29,T5,998.5115143150937,0.6185563870283239,0.0026300000000000004,0.09313293134452501,-0.17292309906192602,0.031039654500000007
2026-08-30,T5,996.9531582453437,0.7736589308192432,0.0026300000000000004,0.09313293134452501,-0.23480916881192596,0.031039654500000007
2026-08-31,T5,999.297838717469,0.5402938400913881,0.0026300000000000004,0.09313293134452501,-0.296578696686926,0.031039654500000007
2026-09-01,T5,996.1986097002189,0.8487588396490442,0.0026300000000000004,0.09313293134452501,-0.35815771393692614,0.031039654500000007
2026-09-02,T5,995.874701497344,0.8809972909220587,0.0026300000000000004,0.09313293134452501,-0.41906591681192634,0.031039654500000007
2026-09-03,T5,1006.1442347282081,0.12023579811024643,0.0026300000000000004,0.09313293134452501,-0.47228268594801126,0.031039654500000007
2026-09-04,T5,1001.8236541779638,0.5491390822305764,0.0026300000000000004,0.09313293134452501,-0.5296332361919032,0.031039654500000007
2026-09-05,T5,1002.2561609363762,0.5062042111108056,0.0026300000000000004,0.09313293134452501,-0.57315647777944,0.031039654500000007
2026-09-06,T5,1003.5344664531258,0.3793070435040069,0.0026300000000000004,0.09313293134452501,-0.6361509610294396,0.031039654500000007
2026-09-07,T5,1000.240427270421,0.7063057435752862,0.0026300000000000004,0.09313293134452501,-0.6637301437342976,0.031039654500000007
2026-09-08,T5,998.5017966073667,0.8788993088576502,0.0026300000000000004,0.09313293134452501,-0.6797108067883938,0.031039654500000007
2026-09-09,T5,998.0814542687431,0.9206266201284286,0.0026300000000000004,0.09313293134452501,-0.7265931454121818,0.031039654500000007
2026-09-10,T5,993.4567115847228,1.3797240266738564,0.0026300000000000004,0.09313293134452501,-0.7698758294324908,0.031039654500000007
2026-09-11,T5,995.4061826342158,1.1862003726876402,0.0038300000000000005,0.13465759911052502,-0.8194506321736429,0.04487913450000001
2026-09-12,T5,995.6542032722532,1.161579406836688,0.0038300000000000005,0.13465759911052502,-0.831869994136463,0.04487913450000001
2026-09-13,T5,993.947550387879,1.330998543558981,0.0038300000000000005,0.13465759911052502,-0.8609828785105681,0.04487913450000001
2026-09-14,T5,999.1141669501378,0.8181094108200893,0.0038300000000000005,0.13465759911052502,-0.949126316251592,0.04487913450000001
2026-09-15,T5,989.1772745019639,1.8045430058913348,0.0038300000000000005,0.13465759911052502,-1.0275987644253501,0.04487913450000001
2026-09-16,T5,991.2875295534869,1.5950583518259065,0.0038300000000000005,0.13465759911052502,-1.1081037129021571,0.04487913450000001
2026-09-17,T5,992.0391376812481,1.5204463429489778,0.0038300000000000005,0.13465759911052502,-1.183775585141134,0.04487913450000001
2026-09-18,T5,1009.2667330455188,0.13114053188348906,0.0038300000000000005,0.13465759911052502,-1.2677802208704656,0.04487913450000001
2026-09-19,T5,1010.9612755858681,0.17217896290463441,0.0029800000000000004,0.16591425240915003,-1.3430905797227095,0.05529958200000001
2026-09-20,T5,1010.677482363368,0.20020225094884436,0.0029800000000000004,0.16591425240915003,-1.4153038022227091,0.05529958200000001
2026-09-21,T5,1026.765787583566,0.11267031973140051,0.0029800000000000004,0.16591425240915003,-1.541178582024829,0.05529958200000001
2026-09-22,T5,1025.4144264575625,0.24413540742962425,0.0029800000000000004,0.16591425240915003,-1.6260397080285154,0.05529958200000001
2026-09-23,T5,1019.7625418887607,0.8320545990581518,0.0029800000000000004,0.16591425240915003,-1.7023442768303036,0.05529958200000001
2026-09-24,T5,1019.7691379051577,0.8314131620892007,0.0029800000000000004,0.16591425240915003,-1.7523682604331279,0.05529958200000001
2026-09-25,T5,1018.7447533253621,0.9310305827198606,0.0029800000000000004,0.16591425240915003,-1.8261328402286985,0.05529958200000001
2026-09-26,T5,1019.7242752486,0.8357758811471161,0.0029800000000000004,0.16591425240915003,-1.8806709169908784,0.05529958200000001
2026-09-27,T5,1019.7226997424684,0.8359290929975338,0.0029800000000000004,0.16591425240915003,-1.9537664231223244,0.05529958200000001
2026-09-28,T5,1016.7672782202651,1.1233323541604667,0.0029800000000000004,0.16591425240915003,-1.9887879453255481,0.05529958200000001
2026-09-29,T5,1017.0582743551768,1.0950341105660732,0.0,0.27803185224615,-2.0340360705771827,0.09267772200000002
2026-08-27,cash,1000.0,0.0,0.0,0.0,0.0,0.0
2026-08-28,cash,1000.0,0.0,0.0,0.0,0.0,0.0
2026-08-29,cash,1000.0,0.0,0.0,0.0,0.0,0.0
2026-08-30,cash,1000.0,0.0,0.0,0.0,0.0,0.0
2026-08-31,cash,1000.0,0.0,0.0,0.0,0.0,0.0
2026-09-01,cash,1000.0,0.0,0.0,0.0,0.0,0.0
2026-09-02,cash,1000.0,0.0,0.0,0.0,0.0,0.0
2026-09-03,cash,1000.0,0.0,0.0,0.0,0.0,0.0
2026-09-04,cash,1000.0,0.0,0.0,0.0,0.0,0.0
2026-09-05,cash,1000.0,0.0,0.0,0.0,0.0,0.0
2026-09-06,cash,1000.0,0.0,0.0,0.0,0.0,0.0
2026-09-07,cash,1000.0,0.0,0.0,0.0,0.0,0.0
2026-09-08,cash,1000.0,0.0,0.0,0.0,0.0,0.0
2026-09-09,cash,1000.0,0.0,0.0,0.0,0.0,0.0
2026-09-10,cash,1000.0,0.0,0.0,0.0,0.0,0.0
2026-09-11,cash,1000.0,0.0,0.0,0.0,0.0,0.0
2026-09-12,cash,1000.0,0.0,0.0,0.0,0.0,0.0
2026-09-13,cash,1000.0,0.0,0.0,0.0,0.0,0.0
2026-09-14,cash,1000.0,0.0,0.0,0.0,0.0,0.0
2026-09-15,cash,1000.0,0.0,0.0,0.0,0.0,0.0
2026-09-16,cash,1000.0,0.0,0.0,0.0,0.0,0.0
2026-09-17,cash,1000.0,0.0,0.0,0.0,0.0,0.0
2026-09-18,cash,1000.0,0.0,0.0,0.0,0.0,0.0
2026-09-19,cash,1000.0,0.0,0.0,0.0,0.0,0.0
2026-09-20,cash,1000.0,0.0,0.0,0.0,0.0,0.0
2026-09-21,cash,1000.0,0.0,0.0,0.0,0.0,0.0
2026-09-22,cash,1000.0,0.0,0.0,0.0,0.0,0.0
2026-09-23,cash,1000.0,0.0,0.0,0.0,0.0,0.0
2026-09-24,cash,1000.0,0.0,0.0,0.0,0.0,0.0
2026-09-25,cash,1000.0,0.0,0.0,0.0,0.0,0.0
2026-09-26,cash,1000.0,0.0,0.0,0.0,0.0,0.0
2026-09-27,cash,1000.0,0.0,0.0,0.0,0.0,0.0
2026-09-28,cash,1000.0,0.0,0.0,0.0,0.0,0.0
2026-09-29,cash,1000.0,0.0,0.0,0.0,0.0,0.0
2026-08-27,perp_hold,1009.3413579089367,0.12493004354011683,0.006350000000000001,0.22486468214362504,-0.13783375641982004,0.07494365250000001
2026-08-28,perp_hold,994.0316210701461,1.7183728207195381,0.006350000000000001,0.22486468214362504,-0.2774205952104051,0.07494365250000001
2026-08-29,perp_hold,996.4061277189521,1.4836012377577812,0.006350000000000001,0.22486468214362504,-0.4175139464042701,0.07494365250000001
2026-08-30,perp_hold,992.6435569802022,1.855613120220212,0.006350000000000001,0.22486468214362504,-0.5669346851542703,0.07494365250000001
2026-08-31,perp_hold,998.3046676258273,1.2958893105339708,0.006350000000000001,0.22486468214362504,-0.7160740395292704,0.07494365250000001
2026-09-01,perp_hold,990.8217382495772,2.035739491933386,0.006350000000000001,0.22486468214362504,-0.8647534157792703,0.07494365250000001
2026-09-02,perp_hold,990.0396785202022,2.113063091228551,0.006350000000000001,0.22486468214362504,-1.0118131451542705,0.07494365250000001
2026-09-03,perp_hold,1014.8349393627824,0.28733558349942623,0.006350000000000001,0.22486468214362504,-1.1403023025740953,0.07494365250000001
2026-09-04,perp_hold,1004.4031194030679,1.312314644182444,0.006350000000000001,0.22486468214362504,-1.2787722622884357,0.07494365250000001
2026-09-05,perp_hold,1005.4473847703375,1.2097102914059077,0.006350000000000001,0.22486468214362504,-1.383856895018801,0.07494365250000001
2026-09-06,perp_hold,1008.5337878240875,0.9064555846396316,0.006350000000000001,0.22486468214362504,-1.5359538412688014,0.07494365250000001
2026-09-07,perp_hold,1000.5804993031081,1.6879063985010268,0.006350000000000001,0.22486468214362504,-1.602542362248212,0.07494365250000001
2026-09-08,perp_hold,996.3826648124643,2.1003648640170014,0.006350000000000001,0.22486468214362504,-1.641126852892132,0.07494365250000001
2026-09-09,perp_hold,995.3677698123649,2.20008342970458,0.006350000000000001,0.22486468214362504,-1.7543218529913922,0.07494365250000001
2026-09-10,perp_hold,984.2015659935328,3.2972194180383774,0.006350000000000001,0.22486468214362504,-1.858825671823697,0.07494365250000001
2026-09-11,perp_hold,988.224329085491,2.9019626027109724,0.006350000000000001,0.22486468214362504,-1.9445125798653367,0.07494365250000001
2026-09-12,perp_hold,988.6355382373282,2.8615592242188237,0.006350000000000001,0.22486468214362504,-1.9651034280282367,0.07494365250000001
2026-09-13,perp_hold,985.8059701392145,3.139578597879722,0.006350000000000001,0.22486468214362504,-2.0133715261419614,0.07494365250000001
2026-09-14,perp_hold,994.3720315413933,2.297919749887256,0.006350000000000001,0.22486468214362504,-2.1595101239632415,0.07494365250000001
2026-09-15,perp_hold,977.897027090766,3.916672244827224,0.006350000000000001,0.22486468214362504,-2.2896145745907512,0.07494365250000001
2026-09-16,perp_hold,981.3957528289311,3.5729047493623045,0.006350000000000001,0.22486468214362504,-2.4230888364256664,0.07494365250000001
2026-09-17,perp_hold,982.6418916308326,3.4504653108380468,0.006350000000000001,0.22486468214362504,-2.548550034524231,0.07494365250000001
2026-09-18,perp_hold,1011.2046150154588,0.6440333077569527,0.006350000000000001,0.22486468214362504,-2.687826649897927,0.07494365250000001
2026-09-19,perp_hold,1013.4354206341168,0.42484537541067624,0.006350000000000001,0.22486468214362504,-2.8446210312399574,0.07494365250000001
2026-09-20,perp_hold,1012.8306934653668,0.48426287760957587,0.006350000000000001,0.22486468214362504,-2.9984981999899567,0.07494365250000001
2026-09-21,perp_hold,1047.1128203607548,0.23513221148436791,0.006350000000000001,0.22486468214362504,-3.2667213046018566,0.07494365250000001
2026-09-22,perp_hold,1044.2332421224583,0.509487311187351,0.006350000000000001,0.22486468214362504,-3.4475495428983036,0.07494365250000001
2026-09-23,perp_hold,1032.1897968164544,1.7356943685892134,0.006350000000000001,0.22486468214362504,-3.610144848902114,0.07494365250000001
2026-09-24,perp_hold,1032.203852086294,1.7343563091203884,0.006350000000000001,0.22486468214362504,-3.716739579062494,0.07494365250000001
2026-09-25,perp_hold,1030.0210191729714,1.9421616577089962,0.006350000000000001,0.22486468214362504,-3.8739224923852693,0.07494365250000001
2026-09-26,perp_hold,1032.1082554859108,1.7434570903782198,0.006350000000000001,0.22486468214362504,-3.990136179445619,0.07494365250000001
2026-09-27,perp_hold,1032.104898283248,1.7437766955414657,0.006350000000000001,0.22486468214362504,-4.145893382108263,0.07494365250000001
2026-09-28,perp_hold,1025.8072718852648,2.3433097339734643,0.006350000000000001,0.22486468214362504,-4.220519780091641,0.07494365250000001
2026-09-29,perp_hold,1026.427347541871,2.2842786294001716,0.0,0.46377299052112503,-4.316937765107711,0.15459170250000004
2026-08-27,vol_long,1003.8689403622839,0.05206270216800979,0.0026300000000000004,0.09313293134452501,-0.057087051871516005,0.031039654500000007
2026-08-28,vol_long,997.5280572306273,0.7164394693808807,0.0026300000000000004,0.09313293134452501,-0.11490018352808906,0.031039654500000007
2026-08-29,vol_long,998.5115143150937,0.6185563870283239,0.0026300000000000004,0.09313293134452501,-0.17292309906192602,0.031039654500000007
2026-08-30,vol_long,996.9531582453437,0.7736589308192432,0.0026300000000000004,0.09313293134452501,-0.23480916881192596,0.031039654500000007
2026-08-31,vol_long,999.297838717469,0.5402938400913881,0.0026300000000000004,0.09313293134452501,-0.296578696686926,0.031039654500000007
2026-09-01,vol_long,996.1986097002189,0.8487588396490442,0.0026300000000000004,0.09313293134452501,-0.35815771393692614,0.031039654500000007
2026-09-02,vol_long,995.874701497344,0.8809972909220587,0.0026300000000000004,0.09313293134452501,-0.41906591681192634,0.031039654500000007
2026-09-03,vol_long,1006.1442347282081,0.12023579811024643,0.0026300000000000004,0.09313293134452501,-0.47228268594801126,0.031039654500000007
2026-09-04,vol_long,1001.8236541779638,0.5491390822305764,0.0026300000000000004,0.09313293134452501,-0.5296332361919032,0.031039654500000007
2026-09-05,vol_long,1002.2561609363762,0.5062042111108056,0.0026300000000000004,0.09313293134452501,-0.57315647777944,0.031039654500000007
2026-09-06,vol_long,1003.5344664531258,0.3793070435040069,0.0026300000000000004,0.09313293134452501,-0.6361509610294396,0.031039654500000007
2026-09-07,vol_long,1000.240427270421,0.7063057435752862,0.0026300000000000004,0.09313293134452501,-0.6637301437342976,0.031039654500000007
2026-09-08,vol_long,998.5017966073667,0.8788993088576502,0.0026300000000000004,0.09313293134452501,-0.6797108067883938,0.031039654500000007
2026-09-09,vol_long,998.0814542687431,0.9206266201284286,0.0026300000000000004,0.09313293134452501,-0.7265931454121818,0.031039654500000007
2026-09-10,vol_long,993.4567115847228,1.3797240266738564,0.0026300000000000004,0.09313293134452501,-0.7698758294324908,0.031039654500000007
2026-09-11,vol_long,995.4061826342158,1.1862003726876402,0.0038300000000000005,0.13465759911052502,-0.8194506321736429,0.04487913450000001
2026-09-12,vol_long,995.6542032722532,1.161579406836688,0.0038300000000000005,0.13465759911052502,-0.831869994136463,0.04487913450000001
2026-09-13,vol_long,993.947550387879,1.330998543558981,0.0038300000000000005,0.13465759911052502,-0.8609828785105681,0.04487913450000001
2026-09-14,vol_long,999.1141669501378,0.8181094108200893,0.0038300000000000005,0.13465759911052502,-0.949126316251592,0.04487913450000001
2026-09-15,vol_long,989.1772745019639,1.8045430058913348,0.0038300000000000005,0.13465759911052502,-1.0275987644253501,0.04487913450000001
2026-09-16,vol_long,991.2875295534869,1.5950583518259065,0.0038300000000000005,0.13465759911052502,-1.1081037129021571,0.04487913450000001
2026-09-17,vol_long,992.0391376812481,1.5204463429489778,0.0038300000000000005,0.13465759911052502,-1.183775585141134,0.04487913450000001
2026-09-18,vol_long,1009.2667330455188,0.13114053188348906,0.0038300000000000005,0.13465759911052502,-1.2677802208704656,0.04487913450000001
2026-09-19,vol_long,1010.9612755858681,0.17217896290463441,0.0029800000000000004,0.16591425240915003,-1.3430905797227095,0.05529958200000001
2026-09-20,vol_long,1010.677482363368,0.20020225094884436,0.0029800000000000004,0.16591425240915003,-1.4153038022227091,0.05529958200000001
2026-09-21,vol_long,1026.765787583566,0.11267031973140051,0.0029800000000000004,0.16591425240915003,-1.541178582024829,0.05529958200000001
2026-09-22,vol_long,1025.4144264575625,0.24413540742962425,0.0029800000000000004,0.16591425240915003,-1.6260397080285154,0.05529958200000001
2026-09-23,vol_long,1019.7625418887607,0.8320545990581518,0.0029800000000000004,0.16591425240915003,-1.7023442768303036,0.05529958200000001
2026-09-24,vol_long,1019.7691379051577,0.8314131620892007,0.0029800000000000004,0.16591425240915003,-1.7523682604331279,0.05529958200000001
2026-09-25,vol_long,1018.7447533253621,0.9310305827198606,0.0029800000000000004,0.16591425240915003,-1.8261328402286985,0.05529958200000001
2026-09-26,vol_long,1019.7242752486,0.8357758811471161,0.0029800000000000004,0.16591425240915003,-1.8806709169908784,0.05529958200000001
2026-09-27,vol_long,1019.7226997424684,0.8359290929975338,0.0029800000000000004,0.16591425240915003,-1.9537664231223244,0.05529958200000001
2026-09-28,vol_long,1016.7672782202651,1.1233323541604667,0.0029800000000000004,0.16591425240915003,-1.9887879453255481,0.05529958200000001
2026-09-29,vol_long,1017.0582743551768,1.0950341105660732,0.0,0.27803185224615,-2.0340360705771827,0.09267772200000002
