period,family,scenario,return_pct,cagr_pct,dd_pct,sharpe,trades,net,fees,impact,funding
main,A_ACCEPT,base,5.313048711923079,1.302589357322037,5.293705634734103,0.4337427269294682,129,53.13048711923079,18.526600446943945,5.557981957724997,-3.835677976102918
main,A_ACCEPT,cost_x2,1.7439394372697508,0.43316227970304766,5.630209315386181,0.1637209466501011,129,17.439394372697507,33.9021724485427,10.170657631199997,-4.005966547562848
main,A_ACCEPT,delay60,4.507011180346399,1.1081948826052956,5.1795156576178165,0.38010099226305816,128,45.07011180346399,19.27197095713689,5.7815929470599965,-3.6504988923391237
main,A_ACCEPT,stop_5bp,3.905239526620426,0.9623293805100852,5.162585553538035,0.3350341634667422,129,39.05239526620426,17.720706755668633,9.456791210924997,-3.9563232672047066
main,A_ACCEPT,risk_half,5.643568017982465,1.3819791571804796,1.189913293080802,1.1234262294741288,74,56.43568017982466,6.5271323914720645,1.9581412044750002,-1.1694187242270935
main,A_ACCEPT,risk_double,8.969207272592872,2.1706009601532683,10.828956575583904,0.3597508480375985,133,89.69207272592871,42.079059497602884,12.623721332774995,-10.427107943693212
main,A_ACCEPT,flow55,0.8706409566567345,0.2169531871589081,0.7956118313268701,0.34234591025532574,7,8.706409566567345,0.944789154584275,0.28343697464999995,-0.21090730419806297
main,R_RETEST,base,2.1298448228241798,0.5282605564080445,2.102330850938705,0.44681745010781326,10,21.298448228241796,3.272706855424601,0.9818126507999999,-0.8547042655335605
main,R_RETEST,cost_x2,1.6699727672213727,0.4149038637825786,2.112106485079912,0.3720231832714165,10,16.699727672213726,5.8970854069891505,1.7691278908499997,-0.8424285299478366
main,R_RETEST,delay60,0.925944337082592,0.23068661124445722,2.212901752212082,0.2243602790519292,10,9.25944337082592,3.340798162764814,1.002239772375,-0.777321194034047
main,R_RETEST,stop_5bp,2.0785593892009047,0.5156378833209407,2.113721775863864,0.43474003265826805,10,20.785593892009047,3.1638229475250252,2.11715794995,-0.8511932105156526
main,R_RETEST,risk_half,0.6791695111566242,0.16936164131404752,1.050042403320539,0.32701840116872966,8,6.791695111566241,1.490979863770725,0.44729415854999993,-0.13308786611307308
main,R_RETEST,risk_double,5.837385536334864,1.4284469633156993,3.774633298940344,0.5569063476343457,11,58.37385536334864,6.108613524049251,1.8325855995,-2.2309555131021583
main,R_RETEST,flow55,0.0,0.0,0.0,0.0,0,0.0,0.0,0.0,0.0
main,F_REJECT,base,-0.13984475879539104,-0.034979538941404265,3.6667371074943556,-0.01011553050247706,34,-1.3984475879539104,6.617696242974749,1.9853090456025,-0.4714456493766568
main,F_REJECT,cost_x2,-1.1752574833366451,-0.29511822389640674,4.048415599203315,-0.1597645577120687,34,-11.752574833366452,12.281092419687349,3.684328149554999,-0.494363114125532
main,F_REJECT,delay60,-2.6404463628195343,-0.6667503395544228,4.683815786116641,-0.37951136653508794,32,-26.404463628195344,6.220205747976199,1.866061322302499,-0.4475139079172058
main,F_REJECT,stop_5bp,-0.14508848284589249,-0.03629187243197052,3.6106528552063977,-0.01091721191193393,34,-1.4508848284589249,6.468935953513499,3.7264921134525,-0.470730611493299
main,F_REJECT,risk_half,0.12451266680191111,0.031113642806723796,1.5180162238301764,0.04516693108017698,26,1.245126668019111,2.500114633019587,0.750034492425,-0.06112970653646684
main,F_REJECT,risk_double,-0.7786891275059247,-0.19524333738482058,8.044698670750904,-0.029687684217118086,34,-7.786891275059247,14.15686830172939,4.247060754930002,-1.134570418398357
main,F_REJECT,flow55,0.0,0.0,0.0,0.0,0,0.0,0.0,0.0,0.0
main,P_RESUME,base,4.6588430400990095,1.1448983737903262,3.9658181371398094,0.4596611626941075,27,46.58843040099009,7.936962731879413,2.381090142525,-1.8917912246058537
main,P_RESUME,cost_x2,3.8705759311259724,0.9539078724325467,3.8949810190191725,0.40135210913096514,27,38.705759311259726,13.995674764156352,4.19870772405,-1.9310037005341107
main,P_RESUME,delay60,3.3696398828414886,0.8319696614344174,4.100596105806298,0.3740064769788557,26,33.696398828414885,7.273173112824258,2.1819529405650004,-1.5914850181960962
main,P_RESUME,stop_5bp,4.445101999134749,1.0932176181490005,4.072708516537049,0.4388167930318379,27,44.45101999134749,7.689078436877114,6.160909748325001,-1.9394853234499367
main,P_RESUME,risk_half,2.721001670544388,0.673417461186121,1.7524982806684908,0.5500108470802589,24,27.210016705443877,3.4752052125665056,1.04256229746,-0.8806623845296983
main,P_RESUME,risk_double,11.904255319467007,2.8517416776886684,7.570440930797839,0.5582808475063822,27,119.04255319467006,15.584841667774077,4.67545573695,-4.546828400604663
main,P_RESUME,flow55,-0.9009533186401996,-0.22600333857925037,0.9686044802350136,-0.8054355217575643,2,-9.009533186401995,1.3934064609768126,0.418021776375,-0.00174744905
main,C_CHANNEL,base,13.42376150622697,3.199124150739663,4.44658561309047,0.9589812950262632,36,134.2376150622697,6.261281986080398,1.8783879641474994,-7.325976337500723
main,C_CHANNEL,cost_x2,11.694577367758574,2.803528783193876,4.682736278330379,0.8741504997141385,36,116.94577367758575,12.041474214203642,3.6124548288449994,-7.006785129365714
main,C_CHANNEL,delay60,16.34037528617214,3.856244712234891,5.647246363352776,0.9501857772860017,35,163.4037528617214,7.353666147936802,2.2061039417549995,-9.14198634858381
main,C_CHANNEL,stop_5bp,12.840817666720818,3.066269297507773,4.534945705624538,0.9294906120653328,36,128.40817666720818,6.197595308349198,4.9901907155975005,-7.259755158843791
main,C_CHANNEL,risk_half,5.436543958385959,1.3322744029847788,2.222849660685222,0.8285122880833566,28,54.3654395838596,2.5048153946354375,0.7514459927249998,-3.459826528779815
main,C_CHANNEL,risk_double,30.269260748931266,6.834245483607093,9.430609233945775,0.9603310030232353,37,302.69260748931265,15.273367155405786,4.5820177951200005,-17.38526376016144
main,C_CHANNEL,flow55,-1.1663593148334257,-0.29287394563759506,2.0277899906180563,-0.44100820942994773,8,-11.663593148334257,1.2900881788241376,0.3870262335750001,-0.20549023593494906
recent,A_ACCEPT,base,2.237892311653627,3.3826113530400104,1.8025426406561462,1.3251554667000247,23,22.37892311653627,3.6982069280645256,1.1094626943,-0.18588026109885075
recent,A_ACCEPT,cost_x2,1.559456178819778,2.353168604446143,1.8779865717599709,0.9700277523250568,23,15.59456178819778,6.71982353390405,2.01594926265,-0.1416519152484174
recent,A_ACCEPT,delay60,3.222302663688083,4.88245042059019,2.2258071649512656,1.7020916640867263,24,32.22302663688083,3.880835114732324,1.16425137105,0.08454412266349576
recent,A_ACCEPT,stop_5bp,1.9815589300778584,2.9932519845706773,1.7590916474667262,1.1937605075660886,23,19.815589300778583,3.4908168426588,1.9254548192499998,-0.1622550373117532
recent,A_ACCEPT,risk_half,0.054059472937137795,0.08126710807896398,1.0356301569965365,0.0900685056438898,14,0.540594729371378,1.3526642212758246,0.40579932,-0.08393072935267254
recent,A_ACCEPT,risk_double,4.963170898838643,7.552458447285559,5.447401141510511,1.2376299495708263,24,49.631708988386436,8.253163515349101,2.4759504213000008,-0.3811890749630148
recent,A_ACCEPT,flow55,-0.39309203444080365,-0.5902666861312911,0.9438452899777183,-0.9768846630319695,3,-3.9309203444080367,0.31887064506505003,0.09566111370000001,0.03114541435701756
recent,R_RETEST,base,0.603434133377732,0.9083890319409038,1.7912655739951933,0.40218755911992177,6,6.03434133377732,1.7029678387054754,0.51089053575,0.06427270823311078
recent,R_RETEST,cost_x2,0.00113984758247625,0.0017132943341602314,1.8470240067594457,0.010712761721455577,6,0.0113984758247625,3.1337715762947003,0.9401318403,0.0029508924193106705
recent,R_RETEST,delay60,2.096116163208728,3.1671987134838764,1.1694239254647631,1.3946945395356476,6,20.961161632087283,1.8411176885040001,0.5523358302000001,0.08133515079142355
recent,R_RETEST,stop_5bp,0.14035500456112687,0.21104016616939614,1.780662425540147,0.11559679737939274,6,1.4035500456112686,1.566820382157925,1.1149314646500001,0.0029508924193106705
recent,R_RETEST,risk_half,0.17300971355147113,0.26016169013169943,0.8729652167130397,0.2702889106170685,6,1.7300971355147112,0.73931103112925,0.22179336989999998,-0.00040846345559881147
recent,R_RETEST,risk_double,1.303932605198463,1.9663380326651714,3.837223858731742,0.4134308324698081,6,13.03932605198463,3.7526120939228638,1.125784028925,0.10669367483297514
recent,R_RETEST,flow55,0.9601633586630328,1.446688655698436,0.7258429212604223,0.9902771413690997,2,9.601633586630328,0.6000459974592001,0.1800140292,0.16114961328968394
recent,F_REJECT,base,2.25952245692406,3.4154891045195424,1.4176339153925799,1.4460863789087774,8,22.5952245692406,2.2835608448197124,0.685068829875,-0.055216256064665084
recent,F_REJECT,cost_x2,1.830232306869118,2.7636243015521034,1.36827969216603,1.2748174291233527,8,18.30232306869118,4.09911784241875,1.2297374800499998,-0.005759108840602222
recent,F_REJECT,delay60,1.8403815792798468,2.7790197529258487,1.3429257728386323,1.1189281004543161,8,18.40381579279847,2.4968260846787254,0.7490483113499999,0.05207318882679678
recent,F_REJECT,stop_5bp,2.0328185880689147,3.071073858042239,1.3022307053005666,1.4110605692152562,8,20.328185880689148,2.0494366036953124,1.253555906775,-0.005759108840602222
recent,F_REJECT,risk_half,1.1559440900358253,1.742526312074344,0.5917481985480699,1.6482994576880956,8,11.559440900358254,0.952853035350525,0.28585619864999995,-0.003842865641244522
recent,F_REJECT,risk_double,4.849609957806479,7.37760342774354,2.8870797988628127,1.4627319875452192,8,48.496099578064786,5.0036187516317,1.5010868652,-0.09743880510321001
recent,F_REJECT,flow55,-0.3815493628522063,-0.5729508925804927,0.3815493628522071,-1.225584600575874,1,-3.815493628522063,0.201001981497825,0.06030051435,0.005779867325660446
recent,P_RESUME,base,2.2121311590504886,3.3434590491425276,1.4652326910116864,1.1785156990110017,6,22.121311590504888,1.541085960484875,0.46232632979999994,0.05118888078955894
recent,P_RESUME,cost_x2,2.056759049454661,3.1074267540875278,1.3129834537302543,1.1248775625480307,6,20.567590494546607,2.9272225400875502,0.8781689515500001,0.04494048618389532
recent,P_RESUME,delay60,2.1664552214042487,3.2740520691200814,1.6207422714550668,1.0877868607713135,6,21.664552214042487,1.6966652401908,0.50900010795,0.05276156218291839
recent,P_RESUME,stop_5bp,2.174936974339778,3.2869393569971095,1.2910891804515212,1.1896232298248999,6,21.74936974339778,1.4633449977615123,1.1602672450250002,0.04494048618389532
recent,P_RESUME,risk_half,0.7256599027431889,1.0927181198023161,0.623240251152346,1.0483199815301887,5,7.256599027431889,0.6109831369288876,0.18329512207499998,0.006595786435834469
recent,P_RESUME,risk_double,4.143636193101225,6.292721705854554,2.532003916922898,1.1242114602688729,6,41.43636193101224,3.2569339492137503,0.9770812115999999,0.03322709182620306
recent,P_RESUME,flow55,0.12972434153549556,0.19505050912309585,0.6085578560715343,0.4785600089478857,1,1.2972434153549557,0.15516438483425002,0.0465493515,-0.103252848310666
recent,C_CHANNEL,base,1.2334818050747232,1.8597706227468702,2.329031076769783,0.6958330692322932,7,12.33481805074723,1.1217025396413876,0.3365110722749999,-0.0017498373360750122
recent,C_CHANNEL,cost_x2,1.4326257942841836,2.1611020661814084,2.1379015707251314,0.8155600909195262,7,14.326257942841835,1.95525748432645,0.58657876365,-0.002484309181494955
recent,C_CHANNEL,delay60,1.2831745959874525,1.9349345522861494,2.2157903614105634,0.7256965503021062,7,12.831745959874524,1.1852349034918626,0.35557079482500004,-0.017556841808169115
recent,C_CHANNEL,stop_5bp,1.1780789774692493,1.7759917321847452,2.347701037921368,0.6632782687309473,7,11.780789774692494,1.1215239414460128,0.890717946525,-0.0017498373360750122
recent,C_CHANNEL,risk_half,0.7249388619396882,1.091630385652942,0.6728426342024529,0.9566459353177594,6,7.249388619396882,0.4928793853517376,0.14786399242499998,0.031488497173843055
recent,C_CHANNEL,risk_double,3.8241275998198945,5.802940823937597,4.726659523899168,0.9316533921436956,7,38.241275998198944,2.4495891101007126,0.734877664575,0.023752272875326566
recent,C_CHANNEL,flow55,1.7706030387123746,2.673188138755611,1.4390800659536351,1.1838518511974958,5,17.706030387123747,0.8966311219105751,0.26898976064999996,0.023792269684538868
